condition,image_id,rgb,keypoint_mean_error_px,keypoint_median_error_px,keypoint_p90_error_px,rotation_error_deg,translation_error_mm,add_mm,add_pass,mean_reprojection_error_px,median_reprojection_error_px,flip_gt_90,flip_gt_120,flip_gt_150,flip_gt_170,pnp_ok
C0_gt,20,color_00024.png,0.0000,0.0000,0.0000,0.0000,0.08,0.0823,1,0.0001,0.0001,0,0,0,0,1
C0_gt,21,color_00025.png,0.0000,0.0000,0.0000,0.0000,0.09,0.0879,1,0.0000,0.0000,0,0,0,0,1
C0_gt,22,color_00026.png,0.0000,0.0000,0.0000,0.0000,0.09,0.0881,1,0.0000,0.0000,0,0,0,0,1
C0_gt,23,color_00027.png,0.0000,0.0000,0.0000,0.0000,0.09,0.0873,1,0.0000,0.0000,0,0,0,0,1
C0_gt,24,color_00028.png,0.0000,0.0000,0.0000,0.0000,0.09,0.0869,1,0.0000,0.0000,0,0,0,0,1
C0_gt,25,color_00029.png,0.0000,0.0000,0.0000,0.0000,0.09,0.0857,1,0.0000,0.0000,0,0,0,0,1
C0_gt,26,color_00030.png,0.0000,0.0000,0.0000,0.0000,0.08,0.0850,1,0.0000,0.0000,0,0,0,0,1
C0_gt,27,color_00031.png,0.0000,0.0000,0.0000,0.0000,0.08,0.0836,1,0.0000,0.0000,0,0,0,0,1
C0_gt,28,color_00032.png,0.0000,0.0000,0.0000,0.0000,0.08,0.0831,1,0.0000,0.0000,0,0,0,0,1
C0_gt,29,color_00033.png,0.0000,0.0000,0.0000,0.0000,0.08,0.0839,1,0.0000,0.0000,0,0,0,0,1
C0_gt,30,color_00034.png,0.0000,0.0000,0.0000,0.0000,0.08,0.0843,1,0.0000,0.0000,0,0,0,0,1
C0_gt,31,color_00035.png,0.0000,0.0000,0.0000,0.0000,0.09,0.0851,1,0.0000,0.0000,0,0,0,0,1
C0_gt,32,color_00036.png,0.0000,0.0000,0.0000,0.0000,0.08,0.0828,1,0.0001,0.0001,0,0,0,0,1
C0_gt,33,color_00037.png,0.0000,0.0000,0.0000,0.0000,0.08,0.0813,1,0.0001,0.0001,0,0,0,0,1
C0_gt,34,color_00038.png,0.0000,0.0000,0.0000,0.0000,0.08,0.0799,1,0.0001,0.0001,0,0,0,0,1
C0_gt,35,color_00039.png,0.0000,0.0000,0.0000,0.0000,0.08,0.0806,1,0.0001,0.0001,0,0,0,0,1
C0_gt,36,color_00040.png,0.0000,0.0000,0.0000,0.0000,0.08,0.0812,1,0.0001,0.0001,0,0,0,0,1
C0_gt,37,color_00041.png,0.0000,0.0000,0.0000,0.0000,0.09,0.0859,1,0.0000,0.0000,0,0,0,0,1
C0_gt,38,color_00042.png,0.0000,0.0000,0.0000,0.0000,0.09,0.0863,1,0.0000,0.0000,0,0,0,0,1
C0_gt,39,color_00043.png,0.0000,0.0000,0.0000,0.0000,0.09,0.0851,1,0.0000,0.0000,0,0,0,0,1
C1_D0,20,color_00024.png,14.0835,12.8198,22.5522,180.0000,3441.41,3442.4556,0,10.4145,8.9400,1,1,1,1,1
C1_D0,21,color_00025.png,399.1617,391.2730,450.1808,149.3291,989.42,990.1219,0,401.4582,396.6631,1,1,0,0,1
C1_D0,22,color_00026.png,8.3012,5.9049,18.5848,30.7444,184.66,184.9981,0,7.9436,7.6720,0,0,0,0,1
C1_D0,23,color_00027.png,479.6399,478.4301,503.2721,108.9261,1432.00,1432.4097,0,2828.7046,518.6691,1,0,0,0,1
C1_D0,24,color_00028.png,5.7447,5.8072,9.6353,16.1687,126.94,127.3538,0,4.8280,4.5931,0,0,0,0,1
C1_D0,25,color_00029.png,4.3659,4.6668,6.6504,9.4683,141.49,141.5457,0,3.5085,3.3390,0,0,0,0,1
C1_D0,26,color_00030.png,2.5086,2.4243,4.0828,6.2135,90.44,90.4756,0,1.8746,1.9223,0,0,0,0,1
C1_D0,27,color_00031.png,2.1263,1.9856,3.8217,5.6913,42.67,42.7437,0,1.6895,1.5219,0,0,0,0,1
C1_D0,28,color_00032.png,2.1957,1.8143,3.7920,7.5996,16.58,16.9487,0,1.7307,1.4712,0,0,0,0,1
C1_D0,29,color_00033.png,2.5751,2.0611,4.5790,9.3608,8.63,9.7330,1,2.1799,1.9469,0,0,0,0,1
C1_D0,30,color_00034.png,2.6666,2.2043,4.5727,9.3976,21.79,22.1992,0,2.2536,2.1579,0,0,0,0,1
C1_D0,31,color_00035.png,1.5653,1.4653,2.4486,3.5995,36.33,36.3702,0,1.2956,1.2192,0,0,0,0,1
C1_D0,32,color_00036.png,1.6011,1.2437,2.6411,4.9872,20.76,20.8787,0,1.2906,1.2484,0,0,0,0,1
C1_D0,33,color_00037.png,2.8761,2.9249,4.1294,6.5717,37.49,37.6580,0,2.4986,2.5903,0,0,0,0,1
C1_D0,34,color_00038.png,3.3962,3.7472,4.4522,7.2638,29.80,30.1641,0,2.7390,2.8931,0,0,0,0,1
C1_D0,35,color_00039.png,3.1825,2.8674,4.9188,9.5098,62.19,62.4112,0,2.7158,2.7580,0,0,0,0,1
C1_D0,36,color_00040.png,3.1027,3.4134,4.8617,9.1589,57.28,57.5426,0,2.6806,2.8301,0,0,0,0,1
C1_D0,37,color_00041.png,2.9965,2.8416,4.6468,9.7482,46.35,46.5903,0,2.7882,2.7562,0,0,0,0,1
C1_D0,38,color_00042.png,3.4946,3.3593,5.2492,10.9441,31.04,31.4385,0,3.2345,3.3227,0,0,0,0,1
C1_D0,39,color_00043.png,2.6124,2.4061,4.2027,176.2012,2547.65,2548.8718,0,2.6271,2.6653,1,1,1,1,1
C2_D1,20,color_00024.png,15.9914,16.2163,25.0265,165.5574,3383.09,3384.2266,0,13.2017,12.3965,1,1,1,0,1
C2_D1,21,color_00025.png,398.0683,391.1811,448.9236,147.4644,1012.62,1013.2905,0,400.2365,395.7280,1,1,0,0,1
C2_D1,22,color_00026.png,11.6433,7.6994,22.8262,161.5427,1414.67,1416.4526,0,40072.2679,1389.0847,1,1,1,0,1
C2_D1,23,color_00027.png,479.6399,478.4301,503.2721,108.9261,1432.00,1432.4097,0,2828.7046,518.6691,1,0,0,0,1
C2_D1,24,color_00028.png,6.9998,8.4525,10.1963,171.5912,2624.59,2625.9361,0,6.1694,5.7330,1,1,1,1,1
C2_D1,25,color_00029.png,4.3514,3.7811,7.2095,10.4126,130.82,130.8920,0,3.9937,3.6352,0,0,0,0,1
C2_D1,26,color_00030.png,2.6990,2.1596,4.2709,6.9669,86.25,86.3061,0,2.5197,2.2875,0,0,0,0,1
C2_D1,27,color_00031.png,2.3162,1.9012,4.1811,6.9970,48.82,48.9335,0,2.0468,2.1356,0,0,0,0,1
C2_D1,28,color_00032.png,2.1906,2.0800,3.8265,6.1027,15.23,15.6194,0,2.0192,2.0699,0,0,0,0,1
C2_D1,29,color_00033.png,1.6485,1.0884,3.3707,177.9822,2525.22,2526.5229,0,1.5092,1.3410,1,1,1,1,1
C2_D1,30,color_00034.png,1.6602,1.1049,3.2484,5.7465,24.83,25.0003,0,1.3810,1.3134,0,0,0,0,1
C2_D1,31,color_00035.png,2.7276,2.7199,3.7638,176.5324,2581.22,2582.5518,0,2.6002,2.5242,1,1,1,1,1
C2_D1,32,color_00036.png,1.8129,1.4652,2.6075,3.8590,38.14,38.1935,0,1.6223,1.6613,0,0,0,0,1
C2_D1,33,color_00037.png,1.0594,0.7517,2.2398,180.0000,2398.07,2399.3632,0,1.0555,0.9551,1,1,1,1,1
C2_D1,34,color_00038.png,2.0733,1.9395,3.2232,178.6629,2397.55,2398.7961,0,1.4428,1.2132,1,1,1,1,1
C2_D1,35,color_00039.png,1.2791,1.2970,2.2376,179.1685,2378.86,2380.0897,0,0.9442,0.8461,1,1,1,1,1
C2_D1,36,color_00040.png,1.8134,1.6416,2.8814,178.9337,2400.45,2401.6689,0,1.3028,1.1301,1,1,1,1,1
C2_D1,37,color_00041.png,1.4578,1.1545,2.0998,178.2629,2559.22,2560.4100,0,1.2125,1.1307,1,1,1,1,1
C2_D1,38,color_00042.png,1.8895,1.8207,2.9869,179.0011,2597.49,2598.7105,0,1.6649,1.5265,1,1,1,1,1
C2_D1,39,color_00043.png,1.4616,1.4503,2.4740,179.0317,2586.81,2588.0512,0,1.0532,0.8712,1,1,1,1,1
C3_D0_noise,20,color_00024.png,14.1381,11.3796,23.3063,178.8480,3457.38,3458.4235,0,11.0065,9.3911,1,1,1,1,1
C3_D0_noise,21,color_00025.png,398.9669,391.2134,448.2657,149.2865,1040.39,1041.0788,0,401.2046,396.6361,1,1,0,0,1
C3_D0_noise,22,color_00026.png,8.4588,5.3235,17.6777,31.1949,202.25,202.5721,0,8.1672,7.8423,0,0,0,0,1
C3_D0_noise,23,color_00027.png,480.0716,477.7245,503.2745,166.7647,1407.38,1408.7373,0,11285.2952,1550.8242,1,1,1,0,1
C3_D0_noise,24,color_00028.png,6.0127,5.5080,10.7322,17.1042,123.02,123.5154,0,5.1857,4.9549,0,0,0,0,1
C3_D0_noise,25,color_00029.png,4.7852,4.6554,7.6198,10.2723,136.86,136.9237,0,3.8390,3.7176,0,0,0,0,1
C3_D0_noise,26,color_00030.png,2.7984,2.0855,4.7023,178.1460,2525.61,2526.9832,0,2.1892,1.9729,1,1,1,1,1
C3_D0_noise,27,color_00031.png,2.4048,2.9093,3.5365,6.8700,26.20,26.3857,0,1.7428,1.5876,0,0,0,0,1
C3_D0_noise,28,color_00032.png,2.4058,1.9345,4.0880,178.8140,2472.22,2473.5543,0,2.0226,2.0341,1,1,1,1,1
C3_D0_noise,29,color_00033.png,2.7406,2.4312,4.3430,177.5806,2470.48,2471.7959,0,2.4665,2.6091,1,1,1,1,1
C3_D0_noise,30,color_00034.png,2.5794,1.8737,4.6424,6.6922,5.53,6.6689,1,2.3034,2.0652,0,0,0,0,1
C3_D0_noise,31,color_00035.png,1.9894,2.2691,3.6326,3.9484,48.49,48.5293,0,1.6654,1.5833,0,0,0,0,1
C3_D0_noise,32,color_00036.png,1.9332,1.9658,2.9568,5.1306,15.23,15.4052,0,1.4655,1.4490,0,0,0,0,1
C3_D0_noise,33,color_00037.png,3.1118,3.0222,4.3693,7.3833,5.69,6.9517,1,2.6783,2.8125,0,0,0,0,1
C3_D0_noise,34,color_00038.png,3.6734,3.8300,4.8413,6.7650,25.11,25.5081,0,3.0580,3.2438,0,0,0,0,1
C3_D0_noise,35,color_00039.png,3.8256,3.9975,6.4574,10.4852,73.64,73.8984,0,3.1452,3.2876,0,0,0,0,1
C3_D0_noise,36,color_00040.png,2.5946,2.6999,3.9575,6.5959,56.20,56.3418,0,2.1081,2.1605,0,0,0,0,1
C3_D0_noise,37,color_00041.png,3.6235,3.1600,6.0560,11.6923,36.47,36.9444,0,3.3677,3.3461,0,0,0,0,1
C3_D0_noise,38,color_00042.png,4.1947,3.7005,6.2254,12.7661,60.48,60.7567,0,3.6138,3.6884,0,0,0,0,1
C3_D0_noise,39,color_00043.png,3.2182,3.2870,5.0521,9.8244,49.98,50.1766,0,2.8537,3.0121,0,0,0,0,1
C4_D1_noise,20,color_00024.png,16.6344,16.3355,25.9489,166.4608,3396.12,3397.2601,0,13.9258,13.3707,1,1,1,0,1
C4_D1_noise,21,color_00025.png,397.8726,391.1212,447.8999,86.8980,3046.13,3046.4322,0,399.9568,395.4462,0,0,0,0,1
C4_D1_noise,22,color_00026.png,11.6550,7.1138,22.9523,161.4696,1414.67,1416.4519,0,14522.4613,1388.1885,1,1,1,0,1
C4_D1_noise,23,color_00027.png,480.0716,477.7245,503.2745,166.7647,1407.38,1408.7373,0,11285.2952,1550.8242,1,1,1,0,1
C4_D1_noise,24,color_00028.png,7.4641,7.8239,11.9710,170.5040,2625.52,2626.8593,0,6.5178,6.1277,1,1,1,1,1
C4_D1_noise,25,color_00029.png,4.7548,4.2727,7.1804,9.7733,125.10,125.1671,0,4.2910,4.0617,0,0,0,0,1
C4_D1_noise,26,color_00030.png,3.0674,2.2551,5.6369,177.8877,2527.56,2528.9440,0,2.7814,2.4685,1,1,1,1,1
C4_D1_noise,27,color_00031.png,2.1398,1.5619,3.8370,176.9134,2506.72,2508.0682,0,1.7813,1.7448,1,1,1,1,1
C4_D1_noise,28,color_00032.png,2.5399,2.1894,4.2300,176.8764,2468.68,2470.0214,0,2.0787,2.0648,1,1,1,1,1
C4_D1_noise,29,color_00033.png,1.6330,1.3523,2.8437,178.2454,2477.76,2479.0686,0,1.5424,1.4944,1,1,1,1,1
C4_D1_noise,30,color_00034.png,2.0205,1.5223,3.4494,6.7691,13.00,13.5180,1,1.5157,1.4302,0,0,0,0,1
C4_D1_noise,31,color_00035.png,3.1387,2.6544,4.8189,176.7074,2565.80,2567.1452,0,3.1634,3.0359,1,1,1,1,1
C4_D1_noise,32,color_00036.png,1.7683,1.3520,3.3389,177.7916,2471.00,2472.3375,0,1.3959,1.3370,1,1,1,1,1
C4_D1_noise,33,color_00037.png,1.2479,1.2922,1.5898,180.0000,2431.03,2432.3203,0,1.1618,1.1278,1,1,1,1,1
C4_D1_noise,34,color_00038.png,2.3305,2.2222,4.0422,179.2915,2397.80,2399.0378,0,1.5530,1.3587,1,1,1,1,1
C4_D1_noise,35,color_00039.png,2.3016,2.5790,2.9712,177.9532,2363.00,2364.2233,0,1.5289,1.5207,1,1,1,1,1
C4_D1_noise,36,color_00040.png,2.1383,2.1892,3.1024,179.2781,2394.78,2396.0100,0,1.5099,1.3102,1,1,1,1,1
C4_D1_noise,37,color_00041.png,1.6668,1.8228,2.3292,180.0000,2576.02,2577.1950,0,1.5282,1.4813,1,1,1,1,1
C4_D1_noise,38,color_00042.png,2.2181,2.1761,3.2777,180.0000,2581.02,2582.2400,0,1.8541,1.7553,1,1,1,1,1
C4_D1_noise,39,color_00043.png,1.6323,1.5295,2.7269,180.0000,2563.99,2565.2345,0,1.3021,1.3249,1,1,1,1,1
