arm,image_id,rgb,mean_dx,mean_dy,std_dx,std_dy,mean_residual_norm_px,cov_xx,cov_xy,cov_yy,eig_max,eig_min,anisotropy_ratio,coherent_shift_norm_px,relative_scatter_mean_px,relative_scatter_p90_px,flip_gt_90,kp_mean_px,kp_median_px,mean_reprojection_error_px,rotation_error_deg
D0,20,color_00024.png,8.027242,3.751490,11.294946,7.449497,14.083451,127.575806,8.519130,55.495003,128.568985,54.501824,2.358985,8.860603,11.465187,17.382231,1,14.083500,12.819800,10.414500,180.000000
D0,21,color_00025.png,-398.618993,8.142190,38.133240,19.989595,399.161708,1454.144001,43.591626,399.583893,1455.942850,397.785044,3.660125,398.702141,36.800210,58.256523,1,399.161700,391.273000,401.458200,149.329100
D0,22,color_00026.png,2.357198,5.944472,5.117053,6.746468,8.301189,26.184235,16.168384,45.514833,54.686589,17.012479,3.214499,6.394773,6.888000,12.613217,0,8.301200,5.904900,7.943600,30.744400
D0,23,color_00027.png,-423.382738,-224.970364,18.274731,17.086163,479.639916,333.965779,105.312606,291.936968,420.340154,205.562592,2.044828,479.441975,21.838224,29.642027,1,479.639900,478.430100,2828.704600,108.926100
D0,24,color_00028.png,2.460127,-0.572539,4.267187,4.924537,5.744700,18.208888,-6.951536,24.251064,28.809608,13.650343,2.110541,2.525871,5.249466,9.892802,0,5.744700,5.807200,4.828000,16.168700
D0,25,color_00029.png,-0.525784,2.011866,2.186885,3.927759,4.365915,4.782468,1.142257,15.427293,15.548485,4.661276,3.335671,2.079436,3.920176,5.253070,0,4.365900,4.666800,3.508500,9.468300
D0,26,color_00030.png,-0.415334,0.262570,1.597591,2.401640,2.508642,2.552297,-0.281098,5.767873,5.792261,2.527909,2.291325,0.491371,2.493953,3.785577,0,2.508600,2.424300,1.874600,6.213500
D0,27,color_00031.png,-0.703705,-1.202421,0.899676,1.993195,2.126328,0.809418,0.001219,3.972825,3.972825,0.809417,4.908254,1.393204,1.886702,3.069861,0,2.126300,1.985600,1.689500,5.691300
D0,28,color_00032.png,-0.299910,-1.229801,0.800365,2.232689,2.195663,0.640585,-1.165229,4.984901,5.277704,0.347782,15.175306,1.265842,1.950271,3.450950,0,2.195700,1.814300,1.730700,7.599600
D0,29,color_00033.png,-0.912153,-1.162352,1.075046,2.480635,2.575140,1.155725,-2.260880,6.153548,7.024523,0.284749,24.669143,1.477527,2.125989,3.757518,0,2.575100,2.061100,2.179900,9.360800
D0,30,color_00034.png,-1.268555,-0.936584,0.891440,2.629246,2.666641,0.794664,-1.324267,6.912937,7.187267,0.520334,13.812789,1.576839,2.255195,3.865801,0,2.666600,2.204300,2.253600,9.397600
D0,31,color_00035.png,0.312853,-1.133291,1.071451,0.853639,1.565303,1.148007,-0.536359,0.728699,1.514231,0.362475,4.177479,1.175680,1.181931,1.841947,0,1.565300,1.465300,1.295600,3.599500
D0,32,color_00036.png,-0.532104,-0.745115,0.998950,1.295964,1.601125,0.997901,-0.996085,1.679522,2.391487,0.285936,8.363715,0.915604,1.306226,2.240369,0,1.601100,1.243700,1.290600,4.987200
D0,33,color_00037.png,-1.868900,-0.898552,1.468985,1.875464,2.876114,2.157918,-1.841340,3.517365,4.800435,0.874848,5.487163,2.073688,2.075790,3.222081,0,2.876100,2.924900,2.498600,6.571700
D0,34,color_00038.png,-1.818007,-0.014779,1.558208,2.894364,3.396212,2.428013,-1.805832,8.377341,8.882570,1.922784,4.619641,1.818067,2.841569,4.294525,0,3.396200,3.747200,2.739000,7.263800
D0,35,color_00039.png,-1.570899,-0.203050,2.003901,2.733342,3.182495,4.015618,-1.990697,7.471156,8.379305,3.107469,2.696505,1.583968,2.886980,4.854370,0,3.182500,2.867400,2.715800,9.509800
D0,36,color_00040.png,-1.338081,0.121146,1.828539,2.871003,3.102674,3.343556,-0.724360,8.242657,8.347514,3.238699,2.577428,1.343553,2.823219,4.412402,0,3.102700,3.413400,2.680600,9.158900
D0,37,color_00041.png,-1.670451,-1.324987,2.276652,1.561686,2.996515,5.183144,-2.190556,2.438864,6.395826,1.226182,5.216049,2.132134,2.251634,3.587905,0,2.996500,2.841600,2.788200,9.748200
D0,38,color_00042.png,-1.959347,-1.710103,1.750384,2.374793,3.494650,3.063846,-2.845944,5.639642,7.475537,1.227952,6.087811,2.600671,2.480414,3.776460,0,3.494600,3.359300,3.234500,10.944100
D0,39,color_00043.png,-1.397244,-1.078636,1.790624,1.790399,2.612415,3.206334,-2.024142,3.205527,5.230073,1.181789,4.425554,1.765148,2.090058,3.047270,1,2.612400,2.406100,2.627100,176.201200
D1,20,color_00024.png,11.806190,4.880585,8.305779,9.909829,15.991414,68.985971,2.714014,98.204701,98.454657,68.736015,1.432359,12.775219,10.578869,17.291866,1,15.991400,16.216300,13.201700,165.557400
D1,21,color_00025.png,-397.507983,9.043123,36.796628,19.953702,398.068348,1353.991855,16.612930,398.150218,1354.280508,397.861565,3.403899,397.610833,35.957259,53.407612,1,398.068300,391.181100,400.236500,147.464400
D1,22,color_00026.png,6.290690,7.119090,9.574784,7.089099,11.643350,91.676493,34.370633,50.255320,111.094061,30.837752,3.602534,9.500222,9.787837,15.178338,1,11.643300,7.699400,40072.267900,161.542700
D1,23,color_00027.png,-423.382738,-224.970364,18.274731,17.086163,479.639916,333.965779,105.312606,291.936968,420.340154,205.562592,2.044828,479.441975,21.838224,29.642027,1,479.639900,478.430100,2828.704600,108.926100
D1,24,color_00028.png,4.724742,0.348072,5.101657,3.995487,6.999795,26.026903,-14.160885,15.963915,36.023603,5.967215,6.036920,4.737545,5.229912,9.182150,1,6.999800,8.452500,6.169400,171.591200
D1,25,color_00029.png,1.408325,2.526386,2.972833,3.086467,4.351411,8.837736,7.101109,9.526278,16.291457,2.072558,7.860557,2.892405,3.364209,6.374335,0,4.351400,3.781100,3.993700,10.412600
D1,26,color_00030.png,1.474403,0.891203,2.302174,1.788350,2.699019,5.300004,3.317120,3.198196,7.728710,0.769490,10.043931,1.722819,2.070571,4.660343,0,2.699000,2.159600,2.519700,6.966900
D1,27,color_00031.png,1.092055,-0.462514,1.759739,1.874871,2.316202,3.096681,2.354296,3.515141,5.669486,0.942336,6.016417,1.185961,1.912905,4.215520,0,2.316200,1.901200,2.046800,6.997000
D1,28,color_00032.png,1.382182,-0.621720,1.208636,1.771947,2.190560,1.460802,1.257921,3.139797,3.812623,0.787976,4.838502,1.515573,1.636485,3.170194,0,2.190600,2.080000,2.019200,6.102700
D1,29,color_00033.png,0.611759,-0.462262,0.997656,1.657459,1.648537,0.995317,0.482353,2.747170,2.871200,0.871287,3.295353,0.766769,1.549538,2.923545,1,1.648500,1.088400,1.509200,177.982200
D1,30,color_00034.png,0.466682,-0.219174,1.174524,1.701859,1.660202,1.379507,1.708746,2.896323,4.007406,0.268425,14.929337,0.515586,1.561456,3.197024,0,1.660200,1.104900,1.381000,5.746500
D1,31,color_00035.png,2.127719,-0.518504,1.470223,1.651315,2.727638,2.161554,0.906158,2.726841,3.393413,1.494983,2.269868,2.189985,1.765794,2.984172,1,2.727600,2.719900,2.600200,176.532400
D1,32,color_00036.png,1.302544,-0.033102,1.284816,1.219272,1.812942,1.650753,0.947820,1.486623,2.520054,0.617321,4.082240,1.302965,1.370464,2.556047,0,1.812900,1.465200,1.622300,3.859000
D1,33,color_00037.png,-0.244917,-0.149865,1.199656,0.639615,1.059412,1.439173,-0.034633,0.409107,1.440336,0.407944,3.530721,0.287131,0.972116,2.130685,1,1.059400,0.751700,1.055500,180.000000
D1,34,color_00038.png,-0.311625,0.810462,1.874178,1.301331,2.073284,3.512544,-1.416909,1.693461,4.286717,0.919288,4.663085,0.868308,1.985270,2.690379,1,2.073300,1.939500,1.442800,178.662900
D1,35,color_00039.png,0.099358,0.599625,1.097255,0.982940,1.279110,1.203969,0.149902,0.966170,1.276401,0.893738,1.428161,0.607801,1.196523,2.155008,1,1.279100,1.297000,0.944200,179.168500
D1,36,color_00040.png,0.319933,0.963793,1.065992,1.510299,1.813393,1.136340,-0.332159,2.281002,2.370406,1.046936,2.264136,1.015506,1.470246,2.780895,1,1.813400,1.641600,1.302800,178.933700
D1,37,color_00041.png,-0.030094,-0.560196,1.118853,1.081739,1.457804,1.251832,-0.090394,1.170159,1.310185,1.111805,1.178430,0.561004,1.324299,2.192624,1,1.457800,1.154500,1.212500,178.262900
D1,38,color_00042.png,-0.262438,-1.015922,0.883172,1.757508,1.889525,0.779992,0.113576,3.088835,3.094408,0.774419,3.995781,1.049271,1.573432,3.013353,1,1.889500,1.820700,1.664900,179.001100
D1,39,color_00043.png,0.258609,-0.369279,1.142122,1.198001,1.461645,1.304442,0.008778,1.435208,1.435794,1.303855,1.101192,0.450828,1.360879,2.211057,1,1.461600,1.450300,1.053200,179.031700
