condition,group,sigma,image_id,rgb,rot_err_deg,trans_err_mm,add_mm,reproj_official_px,flip_gt_90,flip_gt_120,flip_gt_150,flip_gt_170,J_gt_px,J_pred_px,delta_J_px,res_rms_px,res_meannorm_px,res_coherent_px,res_median_px,res_p90_px,kp_err_median_px,flag_solver_divergence,flag_catastrophic_kp,flag_pnp_exception,in_clean18
C0_gt,control,,20,color_00024.png,0.0000,0.08,0.0823,0.0001,0,0,0,0,0.000013,0.000081,-0.000069,0.000000,0.000000,0.000000,0.0000,0.0000,0.0000,0,0,0,1
C0_gt,control,,21,color_00025.png,0.0000,0.09,0.0879,0.0000,0,0,0,0,0.000010,0.000054,-0.000043,0.000000,0.000000,0.000000,0.0000,0.0000,0.0000,0,0,0,1
C0_gt,control,,22,color_00026.png,0.0000,0.09,0.0881,0.0000,0,0,0,0,0.000010,0.000036,-0.000026,0.000000,0.000000,0.000000,0.0000,0.0000,0.0000,0,0,0,0
C0_gt,control,,23,color_00027.png,0.0000,0.09,0.0873,0.0000,0,0,0,0,0.000009,0.000033,-0.000024,0.000000,0.000000,0.000000,0.0000,0.0000,0.0000,0,0,0,0
C0_gt,control,,24,color_00028.png,0.0000,0.09,0.0869,0.0000,0,0,0,0,0.000008,0.000029,-0.000020,0.000000,0.000000,0.000000,0.0000,0.0000,0.0000,0,0,0,1
C0_gt,control,,25,color_00029.png,0.0000,0.09,0.0857,0.0000,0,0,0,0,0.000007,0.000015,-0.000008,0.000000,0.000000,0.000000,0.0000,0.0000,0.0000,0,0,0,1
C0_gt,control,,26,color_00030.png,0.0000,0.08,0.0850,0.0000,0,0,0,0,0.000009,0.000020,-0.000010,0.000000,0.000000,0.000000,0.0000,0.0000,0.0000,0,0,0,1
C0_gt,control,,27,color_00031.png,0.0000,0.08,0.0836,0.0000,0,0,0,0,0.000009,0.000037,-0.000028,0.000000,0.000000,0.000000,0.0000,0.0000,0.0000,0,0,0,1
C0_gt,control,,28,color_00032.png,0.0000,0.08,0.0831,0.0000,0,0,0,0,0.000010,0.000048,-0.000039,0.000000,0.000000,0.000000,0.0000,0.0000,0.0000,0,0,0,1
C0_gt,control,,29,color_00033.png,0.0000,0.08,0.0839,0.0000,0,0,0,0,0.000010,0.000052,-0.000043,0.000000,0.000000,0.000000,0.0000,0.0000,0.0000,0,0,0,1
C0_gt,control,,30,color_00034.png,0.0000,0.08,0.0843,0.0000,0,0,0,0,0.000008,0.000052,-0.000044,0.000000,0.000000,0.000000,0.0000,0.0000,0.0000,0,0,0,1
C0_gt,control,,31,color_00035.png,0.0000,0.09,0.0851,0.0000,0,0,0,0,0.000011,0.000047,-0.000036,0.000000,0.000000,0.000000,0.0000,0.0000,0.0000,0,0,0,1
C0_gt,control,,32,color_00036.png,0.0000,0.08,0.0828,0.0001,0,0,0,0,0.000012,0.000062,-0.000050,0.000000,0.000000,0.000000,0.0000,0.0000,0.0000,0,0,0,1
C0_gt,control,,33,color_00037.png,0.0000,0.08,0.0813,0.0001,0,0,0,0,0.000008,0.000093,-0.000085,0.000000,0.000000,0.000000,0.0000,0.0000,0.0000,0,0,0,1
C0_gt,control,,34,color_00038.png,0.0000,0.08,0.0799,0.0001,0,0,0,0,0.000010,0.000098,-0.000089,0.000000,0.000000,0.000000,0.0000,0.0000,0.0000,0,0,0,1
C0_gt,control,,35,color_00039.png,0.0000,0.08,0.0806,0.0001,0,0,0,0,0.000009,0.000084,-0.000075,0.000000,0.000000,0.000000,0.0000,0.0000,0.0000,0,0,0,1
C0_gt,control,,36,color_00040.png,0.0000,0.08,0.0812,0.0001,0,0,0,0,0.000012,0.000080,-0.000068,0.000000,0.000000,0.000000,0.0000,0.0000,0.0000,0,0,0,1
C0_gt,control,,37,color_00041.png,0.0000,0.09,0.0859,0.0000,0,0,0,0,0.000013,0.000057,-0.000044,0.000000,0.000000,0.000000,0.0000,0.0000,0.0000,0,0,0,1
C0_gt,control,,38,color_00042.png,0.0000,0.09,0.0863,0.0000,0,0,0,0,0.000009,0.000057,-0.000047,0.000000,0.000000,0.000000,0.0000,0.0000,0.0000,0,0,0,1
C0_gt,control,,39,color_00043.png,0.0000,0.09,0.0851,0.0000,0,0,0,0,0.000010,0.000047,-0.000037,0.000000,0.000000,0.000000,0.0000,0.0000,0.0000,0,0,0,1
C1_D0_real,control,,20,color_00024.png,180.0000,3441.41,3442.4556,10.4145,1,1,1,1,14.083450,4.845409,9.238041,15.531899,14.083451,8.860603,12.8198,22.5522,12.8198,0,0,0,1
C1_D0_real,control,,21,color_00025.png,149.3291,989.42,990.1219,401.4582,1,1,0,0,399.161707,4.319068,394.842639,400.763216,399.161708,398.702141,391.2730,450.1808,391.2730,1,1,0,1
C1_D0_real,control,,22,color_00026.png,30.7444,184.66,184.9981,7.9436,0,0,0,0,8.301185,3.843681,4.457503,10.228667,8.301189,6.394773,5.9049,18.5848,5.9049,0,0,0,0
C1_D0_real,control,,23,color_00027.png,108.9261,1432.00,1432.4097,2828.7046,1,0,0,0,479.639920,589.725805,-110.085885,480.021839,479.639916,479.441975,478.4301,503.2721,478.4301,1,1,0,0
C1_D0_real,control,,24,color_00028.png,16.1687,126.94,127.3538,4.8280,0,0,0,0,5.744700,2.426908,3.317792,6.642455,5.744700,2.525871,5.8072,9.6353,5.8072,0,0,0,1
C1_D0_real,control,,25,color_00029.png,9.4683,141.49,141.5457,3.5085,0,0,0,0,4.365917,0.595523,3.770394,4.721047,4.365915,2.079436,4.6668,6.6504,4.6668,0,0,0,1
C1_D0_real,control,,26,color_00030.png,6.2135,90.44,90.4756,1.8746,0,0,0,0,2.508644,0.436944,2.071700,2.763540,2.508642,0.491371,2.4243,4.0828,2.4243,0,0,0,1
C1_D0_real,control,,27,color_00031.png,5.6913,42.67,42.7437,1.6895,0,0,0,0,2.126329,0.377484,1.748846,2.488353,2.126328,1.393204,1.9856,3.8217,1.9856,0,0,0,1
C1_D0_real,control,,28,color_00032.png,7.5996,16.58,16.9487,1.7307,0,0,0,0,2.195664,0.345309,1.850354,2.569589,2.195663,1.265842,1.8143,3.7920,1.8143,0,0,0,1
C1_D0_real,control,,29,color_00033.png,9.3608,8.63,9.7330,2.1799,0,0,0,0,2.575138,0.394374,2.180764,2.946221,2.575140,1.477527,2.0611,4.5790,2.0611,0,0,0,1
C1_D0_real,control,,30,color_00034.png,9.3976,21.79,22.1992,2.2536,0,0,0,0,2.666643,0.201033,2.465609,3.055752,2.666641,1.576839,2.2043,4.5727,2.2043,0,0,0,1
C1_D0_real,control,,31,color_00035.png,3.5995,36.33,36.3702,1.2956,0,0,0,0,1.565301,0.256113,1.309188,1.746542,1.565303,1.175680,1.4653,2.4486,1.4653,0,0,0,1
C1_D0_real,control,,32,color_00036.png,4.9872,20.76,20.8787,1.2906,0,0,0,0,1.601124,0.306850,1.294274,1.793952,1.601125,0.915604,1.2437,2.6411,1.2437,0,0,0,1
C1_D0_real,control,,33,color_00037.png,6.5717,37.49,37.6580,2.4986,0,0,0,0,2.876114,0.308048,2.568066,3.056939,2.876114,2.073688,2.9249,4.1294,2.9249,0,0,0,1
C1_D0_real,control,,34,color_00038.png,7.2638,29.80,30.1641,2.7390,0,0,0,0,3.396210,0.594529,2.801680,3.593066,3.396212,1.818067,3.7472,4.4522,3.7472,0,0,0,1
C1_D0_real,control,,35,color_00039.png,9.5098,62.19,62.4112,2.7158,0,0,0,0,3.182493,0.514345,2.668147,3.566429,3.182495,1.583968,2.8674,4.9188,2.8674,0,0,0,1
C1_D0_real,control,,36,color_00040.png,9.1589,57.28,57.5426,2.6806,0,0,0,0,3.102673,0.367699,2.734974,3.479079,3.102674,1.343553,3.4134,4.8617,3.4134,0,0,0,1
C1_D0_real,control,,37,color_00041.png,9.7482,46.35,46.5903,2.7882,0,0,0,0,2.996508,0.526232,2.470276,3.364686,2.996515,2.132134,2.8416,4.6468,2.8416,0,0,0,1
C1_D0_real,control,,38,color_00042.png,10.9441,31.04,31.4385,3.2345,0,0,0,0,3.494648,0.420962,3.073686,3.807877,3.494650,2.600671,3.3593,5.2492,3.3593,0,0,0,1
C1_D0_real,control,,39,color_00043.png,176.2012,2547.65,2548.8718,2.6271,1,1,1,1,2.612415,0.855895,1.756520,2.969037,2.612415,1.765148,2.4061,4.2027,2.4061,0,0,0,1
C2_D1_real,control,,20,color_00024.png,165.5574,3383.09,3384.2266,13.2017,1,1,1,0,15.991409,6.394991,9.596418,17.658430,15.991414,12.775219,16.2163,25.0265,16.2163,0,0,0,1
C2_D1_real,control,,21,color_00025.png,147.4644,1012.62,1013.2905,400.2365,1,1,0,0,398.068348,3.802835,394.265513,399.564555,398.068348,397.610833,391.1811,448.9236,391.1811,1,1,0,1
C2_D1_real,control,,22,color_00026.png,161.5427,1414.67,1416.4526,40072.2679,1,1,1,0,11.643346,2001.281857,-1989.638511,14.711079,11.643350,9.500222,7.6994,22.8262,7.6994,1,0,0,0
C2_D1_real,control,,23,color_00027.png,108.9261,1432.00,1432.4097,2828.7046,1,0,0,0,479.639920,589.725805,-110.085885,480.021839,479.639916,479.441975,478.4301,503.2721,478.4301,1,1,0,0
C2_D1_real,control,,24,color_00028.png,171.5912,2624.59,2625.9361,6.1694,1,1,1,1,6.999791,2.316546,4.683246,7.731074,6.999795,4.737545,8.4525,10.1963,8.4525,0,0,0,1
C2_D1_real,control,,25,color_00029.png,10.4126,130.82,130.8920,3.9937,0,0,0,0,4.351412,0.599692,3.751720,4.968860,4.351411,2.892405,3.7811,7.2095,3.7811,0,0,0,1
C2_D1_real,control,,26,color_00030.png,6.9669,86.25,86.3061,2.5197,0,0,0,0,2.699018,0.773196,1.925823,3.243773,2.699019,1.722819,2.1596,4.2709,2.1596,0,0,0,1
C2_D1_real,control,,27,color_00031.png,6.9970,48.82,48.9335,2.0468,0,0,0,0,2.316201,0.740319,1.575883,2.698829,2.316202,1.185961,1.9012,4.1811,1.9012,0,0,0,1
C2_D1_real,control,,28,color_00032.png,6.1027,15.23,15.6194,2.0192,0,0,0,0,2.190562,0.675423,1.515140,2.527130,2.190560,1.515573,2.0800,3.8265,2.0800,0,0,0,1
C2_D1_real,control,,29,color_00033.png,177.9822,2525.22,2526.5229,1.5092,1,1,1,1,1.648540,0.868715,0.779825,1.978532,1.648537,0.766769,1.0884,3.3707,1.0884,0,0,0,1
C2_D1_real,control,,30,color_00034.png,5.7465,24.83,25.0003,1.3810,0,0,0,0,1.660202,0.593862,1.066341,2.016573,1.660202,0.515586,1.1049,3.2484,1.1049,0,0,0,1
C2_D1_real,control,,31,color_00035.png,176.5324,2581.22,2582.5518,2.6002,1,1,1,1,2.727633,0.843347,1.884287,3.023454,2.727638,2.189985,2.7199,3.7638,2.7199,0,0,0,1
C2_D1_real,control,,32,color_00036.png,3.8590,38.14,38.1935,1.6223,0,0,0,0,1.812938,0.750633,1.062305,2.118135,1.812942,1.302965,1.4652,2.6075,1.4652,0,0,0,1
C2_D1_real,control,,33,color_00037.png,180.0000,2398.07,2399.3632,1.0555,1,1,1,1,1.059413,1.261562,-0.202149,1.313530,1.059412,0.287131,0.7517,2.2398,0.7517,0,0,0,1
C2_D1_real,control,,34,color_00038.png,178.6629,2397.55,2398.7961,1.4428,1,1,1,1,2.073282,1.744467,0.328814,2.319810,2.073284,0.868308,1.9395,3.2232,1.9395,0,0,0,1
C2_D1_real,control,,35,color_00039.png,179.1685,2378.86,2380.0897,0.9442,1,1,1,1,1.279111,1.584249,-0.305138,1.516059,1.279110,0.607801,1.2970,2.2376,1.2970,0,0,0,1
C2_D1_real,control,,36,color_00040.png,178.9337,2400.45,2401.6689,1.3028,1,1,1,1,1.813398,1.522529,0.290869,2.017149,1.813393,1.015506,1.6416,2.8814,1.6416,0,0,0,1
C2_D1_real,control,,37,color_00041.png,178.2629,2559.22,2560.4100,1.2125,1,1,1,1,1.457800,1.113280,0.344520,1.570861,1.457804,0.561004,1.1545,2.0998,1.1545,0,0,0,1
C2_D1_real,control,,38,color_00042.png,179.0011,2597.49,2598.7105,1.6649,1,1,1,1,1.889524,0.960450,0.929074,2.130711,1.889525,1.049271,1.8207,2.9869,1.8207,0,0,0,1
C2_D1_real,control,,39,color_00043.png,179.0317,2586.81,2588.0512,1.0532,1,1,1,1,1.461647,0.998484,0.463163,1.624343,1.461645,0.450828,1.4503,2.4740,1.4503,0,0,0,1
SIG_S000,synthetic,0,20,color_00024.png,0.0000,0.08,0.0823,0.0001,0,0,0,0,0.000013,0.000081,-0.000069,0.000000,0.000000,0.000000,0.0000,0.0000,0.0000,0,0,0,1
SIG_S000,synthetic,0,21,color_00025.png,0.0000,0.09,0.0879,0.0000,0,0,0,0,0.000010,0.000054,-0.000043,0.000000,0.000000,0.000000,0.0000,0.0000,0.0000,0,0,0,1
SIG_S000,synthetic,0,22,color_00026.png,0.0000,0.09,0.0881,0.0000,0,0,0,0,0.000010,0.000036,-0.000026,0.000000,0.000000,0.000000,0.0000,0.0000,0.0000,0,0,0,0
SIG_S000,synthetic,0,23,color_00027.png,0.0000,0.09,0.0873,0.0000,0,0,0,0,0.000009,0.000033,-0.000024,0.000000,0.000000,0.000000,0.0000,0.0000,0.0000,0,0,0,0
SIG_S000,synthetic,0,24,color_00028.png,0.0000,0.09,0.0869,0.0000,0,0,0,0,0.000008,0.000029,-0.000020,0.000000,0.000000,0.000000,0.0000,0.0000,0.0000,0,0,0,1
SIG_S000,synthetic,0,25,color_00029.png,0.0000,0.09,0.0857,0.0000,0,0,0,0,0.000007,0.000015,-0.000008,0.000000,0.000000,0.000000,0.0000,0.0000,0.0000,0,0,0,1
SIG_S000,synthetic,0,26,color_00030.png,0.0000,0.08,0.0850,0.0000,0,0,0,0,0.000009,0.000020,-0.000010,0.000000,0.000000,0.000000,0.0000,0.0000,0.0000,0,0,0,1
SIG_S000,synthetic,0,27,color_00031.png,0.0000,0.08,0.0836,0.0000,0,0,0,0,0.000009,0.000037,-0.000028,0.000000,0.000000,0.000000,0.0000,0.0000,0.0000,0,0,0,1
SIG_S000,synthetic,0,28,color_00032.png,0.0000,0.08,0.0831,0.0000,0,0,0,0,0.000010,0.000048,-0.000039,0.000000,0.000000,0.000000,0.0000,0.0000,0.0000,0,0,0,1
SIG_S000,synthetic,0,29,color_00033.png,0.0000,0.08,0.0839,0.0000,0,0,0,0,0.000010,0.000052,-0.000043,0.000000,0.000000,0.000000,0.0000,0.0000,0.0000,0,0,0,1
SIG_S000,synthetic,0,30,color_00034.png,0.0000,0.08,0.0843,0.0000,0,0,0,0,0.000008,0.000052,-0.000044,0.000000,0.000000,0.000000,0.0000,0.0000,0.0000,0,0,0,1
SIG_S000,synthetic,0,31,color_00035.png,0.0000,0.09,0.0851,0.0000,0,0,0,0,0.000011,0.000047,-0.000036,0.000000,0.000000,0.000000,0.0000,0.0000,0.0000,0,0,0,1
SIG_S000,synthetic,0,32,color_00036.png,0.0000,0.08,0.0828,0.0001,0,0,0,0,0.000012,0.000062,-0.000050,0.000000,0.000000,0.000000,0.0000,0.0000,0.0000,0,0,0,1
SIG_S000,synthetic,0,33,color_00037.png,0.0000,0.08,0.0813,0.0001,0,0,0,0,0.000008,0.000093,-0.000085,0.000000,0.000000,0.000000,0.0000,0.0000,0.0000,0,0,0,1
SIG_S000,synthetic,0,34,color_00038.png,0.0000,0.08,0.0799,0.0001,0,0,0,0,0.000010,0.000098,-0.000089,0.000000,0.000000,0.000000,0.0000,0.0000,0.0000,0,0,0,1
SIG_S000,synthetic,0,35,color_00039.png,0.0000,0.08,0.0806,0.0001,0,0,0,0,0.000009,0.000084,-0.000075,0.000000,0.000000,0.000000,0.0000,0.0000,0.0000,0,0,0,1
SIG_S000,synthetic,0,36,color_00040.png,0.0000,0.08,0.0812,0.0001,0,0,0,0,0.000012,0.000080,-0.000068,0.000000,0.000000,0.000000,0.0000,0.0000,0.0000,0,0,0,1
SIG_S000,synthetic,0,37,color_00041.png,0.0000,0.09,0.0859,0.0000,0,0,0,0,0.000013,0.000057,-0.000044,0.000000,0.000000,0.000000,0.0000,0.0000,0.0000,0,0,0,1
SIG_S000,synthetic,0,38,color_00042.png,0.0000,0.09,0.0863,0.0000,0,0,0,0,0.000009,0.000057,-0.000047,0.000000,0.000000,0.000000,0.0000,0.0000,0.0000,0,0,0,1
SIG_S000,synthetic,0,39,color_00043.png,0.0000,0.09,0.0851,0.0000,0,0,0,0,0.000010,0.000047,-0.000037,0.000000,0.000000,0.000000,0.0000,0.0000,0.0000,0,0,0,1
SIG_S025,synthetic,0.25,20,color_00024.png,0.0000,6.12,6.1206,0.1449,0,0,0,0,0.265887,0.223991,0.041897,0.310629,0.265884,0.113632,0.1622,0.4391,0.1622,0,0,0,1
SIG_S025,synthetic,0.25,21,color_00025.png,0.0000,4.90,4.8976,0.1070,0,0,0,0,0.218229,0.176332,0.041897,0.231913,0.218228,0.091015,0.2271,0.3055,0.2271,0,0,0,1
SIG_S025,synthetic,0.25,22,color_00026.png,0.6482,8.26,8.2698,0.2576,0,0,0,0,0.357754,0.239272,0.118482,0.397207,0.357754,0.203346,0.3891,0.5683,0.3891,0,0,0,0
SIG_S025,synthetic,0.25,23,color_00027.png,0.0000,0.26,0.5275,0.1265,0,0,0,0,0.334383,0.283489,0.050894,0.366174,0.334387,0.069850,0.3369,0.5270,0.3369,0,0,0,0
SIG_S025,synthetic,0.25,24,color_00028.png,0.0000,3.52,3.5249,0.1210,0,0,0,0,0.363513,0.337903,0.025611,0.381996,0.363514,0.081811,0.3548,0.5131,0.3548,0,0,0,1
SIG_S025,synthetic,0.25,25,color_00029.png,0.1053,1.65,1.7004,0.1547,0,0,0,0,0.298733,0.210785,0.087948,0.314654,0.298734,0.039950,0.2717,0.4171,0.2717,0,0,0,1
SIG_S025,synthetic,0.25,26,color_00030.png,0.0000,3.05,3.0622,0.0988,0,0,0,0,0.292153,0.277949,0.014204,0.325598,0.292150,0.025403,0.2886,0.4333,0.2886,0,0,0,1
SIG_S025,synthetic,0.25,27,color_00031.png,0.0000,5.62,5.6296,0.1975,0,0,0,0,0.324075,0.238581,0.085495,0.359113,0.324078,0.162264,0.2941,0.4960,0.2941,0,0,0,1
SIG_S025,synthetic,0.25,28,color_00032.png,0.0000,5.08,5.0801,0.1666,0,0,0,0,0.280449,0.235920,0.044530,0.339136,0.280448,0.157376,0.2478,0.5147,0.2478,0,0,0,1
SIG_S025,synthetic,0.25,29,color_00033.png,0.0000,2.42,2.4332,0.1116,0,0,0,0,0.339123,0.290957,0.048166,0.362891,0.339125,0.061594,0.3724,0.4746,0.3724,0,0,0,1
SIG_S025,synthetic,0.25,30,color_00034.png,0.0000,8.28,8.2846,0.1294,0,0,0,0,0.304282,0.269392,0.034890,0.332856,0.304285,0.071637,0.2720,0.4507,0.2720,0,0,0,1
SIG_S025,synthetic,0.25,31,color_00035.png,0.1071,7.79,7.7926,0.2059,0,0,0,0,0.305740,0.138204,0.167536,0.331860,0.305737,0.135363,0.2445,0.4683,0.2445,0,0,0,1
SIG_S025,synthetic,0.25,32,color_00036.png,0.7004,5.76,5.7844,0.2214,0,0,0,0,0.386221,0.254253,0.131967,0.428370,0.386219,0.050828,0.3624,0.5630,0.3624,0,0,0,1
SIG_S025,synthetic,0.25,33,color_00037.png,0.3435,13.72,13.7249,0.2443,0,0,0,0,0.422142,0.283912,0.138230,0.472841,0.422143,0.105183,0.4312,0.6817,0.4312,0,0,0,1
SIG_S025,synthetic,0.25,34,color_00038.png,0.0000,0.45,0.4626,0.1076,0,0,0,0,0.298951,0.283093,0.015858,0.329892,0.298949,0.102868,0.2802,0.4525,0.2802,0,0,0,1
SIG_S025,synthetic,0.25,35,color_00039.png,0.0000,5.75,5.7519,0.1729,0,0,0,0,0.380536,0.325098,0.055439,0.438768,0.380539,0.118756,0.3667,0.7350,0.3667,0,0,0,1
SIG_S025,synthetic,0.25,36,color_00040.png,0.0000,2.57,2.6045,0.1842,0,0,0,0,0.341453,0.280188,0.061265,0.420907,0.341449,0.060535,0.2779,0.5609,0.2779,0,0,0,1
SIG_S025,synthetic,0.25,37,color_00041.png,0.0000,6.07,6.0768,0.1088,0,0,0,0,0.224737,0.167597,0.057140,0.242572,0.224739,0.044105,0.2137,0.3112,0.2137,0,0,0,1
SIG_S025,synthetic,0.25,38,color_00042.png,0.0000,0.40,0.4003,0.1732,0,0,0,0,0.244575,0.182400,0.062176,0.277867,0.244575,0.174546,0.2410,0.4115,0.2410,0,0,0,1
SIG_S025,synthetic,0.25,39,color_00043.png,0.0000,0.28,0.4059,0.1320,0,0,0,0,0.323319,0.307107,0.016211,0.363510,0.323321,0.090592,0.3616,0.4872,0.3616,0,0,0,1
SIG_S050,synthetic,0.5,20,color_00024.png,0.2582,12.16,12.1713,0.2898,0,0,0,0,0.531771,0.448010,0.083760,0.621258,0.531767,0.227265,0.3245,0.8782,0.3245,0,0,0,1
SIG_S050,synthetic,0.5,21,color_00025.png,0.0000,9.68,9.6847,0.2140,0,0,0,0,0.436457,0.352717,0.083740,0.463826,0.436457,0.182030,0.4542,0.6109,0.4542,0,0,0,1
SIG_S050,synthetic,0.5,22,color_00026.png,1.9064,16.61,16.6234,0.5167,0,0,0,0,0.715508,0.476582,0.238926,0.794413,0.715508,0.406693,0.7781,1.1365,0.7781,0,0,0,0
SIG_S050,synthetic,0.5,23,color_00027.png,1.3481,0.44,1.0528,0.2562,0,0,0,0,0.668770,0.565824,0.102945,0.732348,0.668774,0.139701,0.6738,1.0540,0.6738,0,0,0,0
SIG_S050,synthetic,0.5,24,color_00028.png,0.0000,7.12,7.1375,0.2421,0,0,0,0,0.727027,0.675739,0.051288,0.763992,0.727027,0.163621,0.7095,1.0262,0.7095,0,0,0,1
SIG_S050,synthetic,0.5,25,color_00029.png,1.3926,3.39,3.4902,0.3087,0,0,0,0,0.597466,0.421840,0.175626,0.629307,0.597467,0.079901,0.5434,0.8342,0.5434,0,0,0,1
SIG_S050,synthetic,0.5,26,color_00030.png,0.8517,6.11,6.1269,0.1988,0,0,0,0,0.584303,0.555768,0.028535,0.651195,0.584300,0.050805,0.5772,0.8666,0.5772,0,0,0,1
SIG_S050,synthetic,0.5,27,color_00031.png,0.4096,11.16,11.1721,0.3949,0,0,0,0,0.648153,0.477053,0.171100,0.718227,0.648156,0.324529,0.5882,0.9920,0.5882,0,0,0,1
SIG_S050,synthetic,0.5,28,color_00032.png,0.0000,10.05,10.0573,0.3331,0,0,0,0,0.560898,0.471932,0.088966,0.678273,0.560897,0.314752,0.4956,1.0294,0.4956,0,0,0,1
SIG_S050,synthetic,0.5,29,color_00033.png,0.7104,4.78,4.8024,0.2221,0,0,0,0,0.678248,0.582285,0.095962,0.725781,0.678250,0.123188,0.7448,0.9492,0.7448,0,0,0,1
SIG_S050,synthetic,0.5,30,color_00034.png,0.0000,16.77,16.7665,0.2588,0,0,0,0,0.608567,0.538792,0.069775,0.665712,0.608570,0.143274,0.5440,0.9013,0.5440,0,0,0,1
SIG_S050,synthetic,0.5,31,color_00035.png,1.3915,15.51,15.5237,0.4122,0,0,0,0,0.611477,0.276411,0.335067,0.663720,0.611474,0.270727,0.4890,0.9367,0.4890,0,0,0,1
SIG_S050,synthetic,0.5,32,color_00036.png,1.9440,11.47,11.5233,0.4413,0,0,0,0,0.772440,0.509598,0.262842,0.856740,0.772438,0.101655,0.7247,1.1259,0.7247,0,0,0,1
SIG_S050,synthetic,0.5,33,color_00037.png,1.5293,27.24,27.2531,0.4890,0,0,0,0,0.844285,0.567674,0.276611,0.945682,0.844286,0.210367,0.8623,1.3633,0.8623,0,0,0,1
SIG_S050,synthetic,0.5,34,color_00038.png,0.0000,0.83,0.8585,0.2152,0,0,0,0,0.597900,0.566160,0.031740,0.659783,0.597897,0.205737,0.5603,0.9050,0.5603,0,0,0,1
SIG_S050,synthetic,0.5,35,color_00039.png,0.6555,11.47,11.4823,0.3455,0,0,0,0,0.761075,0.650511,0.110564,0.877535,0.761077,0.237511,0.7334,1.4699,0.7334,0,0,0,1
SIG_S050,synthetic,0.5,36,color_00040.png,1.0987,5.10,5.1689,0.3682,0,0,0,0,0.682902,0.560377,0.122525,0.841815,0.682898,0.121071,0.5558,1.1219,0.5558,0,0,0,1
SIG_S050,synthetic,0.5,37,color_00041.png,0.6484,12.09,12.1065,0.2185,0,0,0,0,0.449476,0.334479,0.114997,0.485143,0.449478,0.088211,0.4275,0.6225,0.4275,0,0,0,1
SIG_S050,synthetic,0.5,38,color_00042.png,0.0000,0.77,0.7778,0.3464,0,0,0,0,0.489151,0.364806,0.124345,0.555734,0.489151,0.349091,0.4821,0.8230,0.4821,0,0,0,1
SIG_S050,synthetic,0.5,39,color_00043.png,0.6384,0.60,0.8279,0.2640,0,0,0,0,0.646640,0.614309,0.032331,0.727020,0.646642,0.181183,0.7232,0.9745,0.7232,0,0,0,1
SIG_S075,synthetic,0.75,20,color_00024.png,0.9665,18.22,18.2321,0.4346,0,0,0,0,0.797654,0.672076,0.125578,0.931887,0.797651,0.340897,0.4867,1.3173,0.4867,0,0,0,1
SIG_S075,synthetic,0.75,21,color_00025.png,0.0000,14.45,14.4475,0.3210,0,0,0,0,0.654685,0.529175,0.125510,0.695739,0.654685,0.273045,0.6813,0.9164,0.6813,0,0,0,1
SIG_S075,synthetic,0.75,22,color_00026.png,3.0104,25.12,25.1481,0.7773,0,0,0,0,1.073263,0.711903,0.361360,1.191620,1.073263,0.610039,1.1672,1.7048,1.1672,0,0,0,0
SIG_S075,synthetic,0.75,23,color_00027.png,180.0000,2789.99,2791.3073,0.6801,1,1,1,1,1.003157,1.123042,-0.119885,1.098522,1.003160,0.209551,1.0107,1.5809,1.0107,0,0,0,0
SIG_S075,synthetic,0.75,24,color_00028.png,0.5737,10.73,10.7508,0.3633,0,0,0,0,1.090541,1.013505,0.077035,1.145987,1.090541,0.245432,1.0643,1.5393,1.0643,0,0,0,1
SIG_S075,synthetic,0.75,25,color_00029.png,2.2642,5.31,5.4509,0.4621,0,0,0,0,0.896200,0.633152,0.263048,0.943961,0.896201,0.119851,0.8151,1.2512,0.8151,0,0,0,1
SIG_S075,synthetic,0.75,26,color_00030.png,1.5666,9.25,9.2784,0.2999,0,0,0,0,0.876453,0.833459,0.042994,0.976793,0.876450,0.076208,0.8658,1.2999,0.8658,0,0,0,1
SIG_S075,synthetic,0.75,27,color_00031.png,1.0723,16.69,16.7089,0.5921,0,0,0,0,0.972231,0.715419,0.256812,1.077340,0.972233,0.486793,0.8822,1.4880,0.8822,0,0,0,1
SIG_S075,synthetic,0.75,28,color_00032.png,0.0000,15.01,15.0137,0.4997,0,0,0,0,0.841346,0.708016,0.133330,1.017409,0.841345,0.472128,0.7434,1.5442,0.7434,0,0,0,1
SIG_S075,synthetic,0.75,29,color_00033.png,1.3729,7.14,7.1832,0.3316,0,0,0,0,1.017373,0.873980,0.143393,1.088672,1.017375,0.184781,1.1172,1.4238,1.1172,0,0,0,1
SIG_S075,synthetic,0.75,30,color_00034.png,0.0000,25.36,25.3647,0.3882,0,0,0,0,0.912852,0.808173,0.104678,0.998568,0.912855,0.214910,0.8160,1.3520,0.8160,0,0,0,1
SIG_S075,synthetic,0.75,31,color_00035.png,2.2621,23.26,23.2827,0.6188,0,0,0,0,0.917214,0.414654,0.502561,0.995581,0.917211,0.406090,0.7335,1.4050,0.7335,0,0,0,1
SIG_S075,synthetic,0.75,32,color_00036.png,180.0000,2494.33,2495.6377,0.8247,1,1,1,1,1.158659,1.413194,-0.254535,1.285110,1.158657,0.152483,1.0871,1.6889,1.0871,0,0,0,1
SIG_S075,synthetic,0.75,33,color_00037.png,2.4382,40.64,40.6583,0.7341,0,0,0,0,1.266428,0.851343,0.415086,1.418522,1.266429,0.315550,1.2935,2.0450,1.2935,0,0,0,1
SIG_S075,synthetic,0.75,34,color_00038.png,0.0000,1.21,1.2565,0.3226,0,0,0,0,0.896848,0.849231,0.047618,0.989675,0.896846,0.308605,0.8405,1.3575,0.8405,0,0,0,1
SIG_S075,synthetic,0.75,35,color_00039.png,180.0000,2390.47,2391.7021,1.0470,1,1,1,1,1.141613,1.172848,-0.031235,1.316303,1.141616,0.356267,1.1001,2.2049,1.1001,0,0,0,1
SIG_S075,synthetic,0.75,36,color_00040.png,1.8797,7.51,7.6117,0.5522,0,0,0,0,1.024351,0.840560,0.183790,1.262722,1.024347,0.181606,0.8338,1.6828,0.8338,0,0,0,1
SIG_S075,synthetic,0.75,37,color_00041.png,1.3177,18.15,18.1672,0.3291,0,0,0,0,0.674215,0.500624,0.173591,0.727715,0.674217,0.132316,0.6412,0.9337,0.6412,0,0,0,1
SIG_S075,synthetic,0.75,38,color_00042.png,0.0000,1.15,1.1582,0.5196,0,0,0,0,0.733726,0.547218,0.186508,0.833601,0.733726,0.523637,0.7231,1.2345,0.7231,0,0,0,1
SIG_S075,synthetic,0.75,39,color_00043.png,1.3052,1.01,1.3063,0.3961,0,0,0,0,0.969961,0.921589,0.048372,1.090529,0.969964,0.271775,1.0849,1.4617,1.0849,0,0,0,1
SIG_S100,synthetic,1,20,color_00024.png,1.4613,24.29,24.3020,0.5795,0,0,0,0,1.063538,0.896186,0.167352,1.242515,1.063534,0.454530,0.6490,1.7564,0.6490,0,0,0,1
SIG_S100,synthetic,1,21,color_00025.png,0.0000,19.19,19.1876,0.4280,0,0,0,0,0.872914,0.705707,0.167207,0.927652,0.872913,0.364061,0.9083,1.2219,0.9083,0,0,0,1
SIG_S100,synthetic,1,22,color_00026.png,4.0931,33.80,33.8323,1.0394,0,0,0,0,1.431017,0.945213,0.485804,1.588826,1.431017,0.813386,1.5562,2.2731,1.5562,0,0,0,0
SIG_S100,synthetic,1,23,color_00027.png,180.0000,2789.84,2791.1589,0.7711,1,1,1,1,1.337543,1.364768,-0.027225,1.464697,1.337547,0.279402,1.3476,2.1079,1.3476,0,0,0,0
SIG_S100,synthetic,1,24,color_00028.png,147.5207,1389.08,1391.0099,36662.3436,1,1,0,0,1.454054,2158.570252,-2157.116197,1.527983,1.454055,0.327243,1.4190,2.0524,1.4190,1,0,0,1
SIG_S100,synthetic,1,25,color_00029.png,3.0896,7.41,7.5864,0.6147,0,0,0,0,1.194934,0.844753,0.350180,1.258614,1.194934,0.159801,1.0869,1.6683,1.0869,0,0,0,1
SIG_S100,synthetic,1,26,color_00030.png,2.2134,12.48,12.5167,0.4020,0,0,0,0,1.168603,1.111005,0.057598,1.302391,1.168600,0.101611,1.1545,1.7332,1.1545,0,0,0,1
SIG_S100,synthetic,1,27,color_00031.png,1.5804,22.22,22.2379,0.7892,0,0,0,0,1.296309,0.953683,0.342626,1.436454,1.296311,0.649058,1.1763,1.9840,1.1763,0,0,0,1
SIG_S100,synthetic,1,28,color_00032.png,179.6841,2499.42,2500.7259,1.1264,1,1,1,1,1.121795,1.654109,-0.532315,1.356546,1.121794,0.629504,0.9912,2.0589,0.9912,0,0,0,1
SIG_S100,synthetic,1,29,color_00033.png,1.9412,9.53,9.5820,0.4402,0,0,0,0,1.356498,1.166043,0.190454,1.451563,1.356500,0.246375,1.4896,1.8984,1.4896,0,0,0,1
SIG_S100,synthetic,1,30,color_00034.png,179.2895,1313.70,1316.1923,4329.2521,1,1,1,1,1.217136,1113.549382,-1112.332246,1.331424,1.217140,0.286547,1.0880,1.8026,1.0880,1,0,0,1
SIG_S100,synthetic,1,31,color_00035.png,3.0871,31.04,31.0666,0.8258,0,0,0,0,1.222951,0.552938,0.670014,1.327441,1.222948,0.541454,0.9780,1.8733,0.9780,0,0,0,1
SIG_S100,synthetic,1,32,color_00036.png,179.6682,2489.09,2490.3997,0.9672,1,1,1,1,1.544878,1.578689,-0.033811,1.713479,1.544876,0.203310,1.4494,2.2518,1.4494,0,0,0,1
SIG_S100,synthetic,1,33,color_00037.png,3.2953,53.91,53.9338,0.9795,0,0,0,0,1.688572,1.134925,0.553647,1.891363,1.688572,0.420733,1.7246,2.7266,1.7246,0,0,0,1
SIG_S100,synthetic,1,34,color_00038.png,180.0000,2396.57,2397.7885,0.8704,1,1,1,1,1.195797,1.468341,-0.272545,1.319567,1.195795,0.411473,1.1206,1.8101,1.1206,0,0,0,1
SIG_S100,synthetic,1,35,color_00039.png,180.0000,2383.50,2384.7471,1.1903,1,1,1,1,1.522152,1.325018,0.197134,1.755071,1.522154,0.475022,1.4668,2.9398,1.4668,0,0,0,1
SIG_S100,synthetic,1,36,color_00040.png,178.4672,2441.45,2442.6711,1.1103,1,1,1,1,1.365800,1.832365,-0.466566,1.683629,1.365796,0.242141,1.1117,2.2437,1.1117,0,0,0,1
SIG_S100,synthetic,1,37,color_00041.png,1.8889,24.23,24.2535,0.4404,0,0,0,0,0.898954,0.666051,0.232902,0.970286,0.898956,0.176421,0.8550,1.2449,0.8550,0,0,0,1
SIG_S100,synthetic,1,38,color_00042.png,0.0000,1.52,1.5392,0.6928,0,0,0,0,0.978301,0.729639,0.248662,1.111467,0.978302,0.698182,0.9641,1.6460,0.9641,0,0,0,1
SIG_S100,synthetic,1,39,color_00043.png,155.1984,1313.49,1315.8609,19281.7444,1,1,1,0,1.293282,1127.020041,-1125.726758,1.454039,1.293285,0.362366,1.4465,1.9489,1.4465,1,0,0,1
SIG_S125,synthetic,1.25,20,color_00024.png,179.2772,2771.48,2772.8910,0.7698,1,1,1,1,1.329422,1.178966,0.150455,1.553144,1.329418,0.568162,0.8112,2.1955,0.8112,0,0,0,1
SIG_S125,synthetic,1.25,21,color_00025.png,0.3689,23.90,23.9051,0.5350,0,0,0,0,1.091142,0.882310,0.208832,1.159565,1.091142,0.455076,1.1354,1.5273,1.1354,0,0,0,1
SIG_S125,synthetic,1.25,22,color_00026.png,5.1720,42.64,42.6826,1.3028,0,0,0,0,1.788771,1.176546,0.612225,1.986033,1.788771,1.016732,1.9453,2.8413,1.9453,0,0,0,0
SIG_S125,synthetic,1.25,23,color_00027.png,180.0000,2789.52,2790.8382,0.8704,1,1,1,1,1.671930,1.622422,0.049509,1.830871,1.671934,0.349252,1.6845,2.6349,1.6845,0,0,0,0
SIG_S125,synthetic,1.25,24,color_00028.png,170.1016,1387.64,1390.3318,6223.0786,1,1,1,1,1.817568,1534.995785,-1533.178217,1.909979,1.817568,0.409054,1.7738,2.5655,1.7738,1,0,0,1
SIG_S125,synthetic,1.25,25,color_00029.png,3.8942,9.69,9.8954,0.7666,0,0,0,0,1.493667,1.056621,0.437046,1.573268,1.493668,0.199752,1.3586,2.0854,1.3586,0,0,0,1
SIG_S125,synthetic,1.25,26,color_00030.png,2.8418,15.79,15.8407,0.5054,0,0,0,0,1.460753,1.388404,0.072348,1.627988,1.460750,0.127013,1.4431,2.1665,1.4431,0,0,0,1
SIG_S125,synthetic,1.25,27,color_00031.png,2.0485,27.73,27.7603,0.9862,0,0,0,0,1.620387,1.191839,0.428547,1.795567,1.620389,0.811322,1.4704,2.4800,1.4704,0,0,0,1
SIG_S125,synthetic,1.25,28,color_00032.png,179.4911,2495.10,2496.4100,1.2732,1,1,1,1,1.402243,1.844603,-0.442360,1.695682,1.402242,0.786879,1.2391,2.5736,1.2391,0,0,0,1
SIG_S125,synthetic,1.25,29,color_00033.png,2.4750,11.93,11.9915,0.5478,0,0,0,0,1.695623,1.458451,0.237172,1.814453,1.695625,0.307969,1.8620,2.3731,1.8620,0,0,0,1
SIG_S125,synthetic,1.25,30,color_00034.png,180.0000,2613.04,2614.2976,0.8976,1,1,1,1,1.521421,1.792584,-0.271162,1.664280,1.521425,0.358184,1.3600,2.2533,1.3600,0,0,0,1
SIG_S125,synthetic,1.25,31,color_00035.png,3.8929,38.84,38.8750,1.0332,0,0,0,0,1.528688,0.691276,0.837412,1.659301,1.528685,0.676817,1.2224,2.3417,1.2224,0,0,0,1
SIG_S125,synthetic,1.25,32,color_00036.png,179.4867,2483.83,2485.1306,1.1309,1,1,1,1,1.931097,1.751854,0.179243,2.141849,1.931096,0.254138,1.8118,2.8148,1.8118,0,0,0,1
SIG_S125,synthetic,1.25,33,color_00037.png,4.1238,67.04,67.0728,1.2252,0,0,0,0,2.110715,1.418447,0.692268,2.364204,2.110716,0.525916,2.1558,3.4083,2.1558,0,0,0,1
SIG_S125,synthetic,1.25,34,color_00038.png,180.0000,2395.66,2396.8805,0.9155,1,1,1,1,1.494745,1.626165,-0.131419,1.649458,1.494743,0.514341,1.4008,2.2626,1.4008,0,0,0,1
SIG_S125,synthetic,1.25,35,color_00039.png,180.0000,2376.53,2377.7766,1.3445,1,1,1,1,1.902691,1.532060,0.370630,2.193838,1.902693,0.593778,1.8335,3.6748,1.8335,0,0,0,1
SIG_S125,synthetic,1.25,36,color_00040.png,178.0046,2443.82,2445.0435,1.2527,1,1,1,1,1.707249,2.060789,-0.353541,2.104537,1.707245,0.302676,1.3896,2.8046,1.3896,0,0,0,1
SIG_S125,synthetic,1.25,37,color_00041.png,2.4326,30.35,30.3753,0.5527,0,0,0,0,1.123693,0.830734,0.292959,1.212858,1.123695,0.220526,1.0687,1.5561,1.0687,0,0,0,1
SIG_S125,synthetic,1.25,38,color_00042.png,0.0000,1.90,1.9209,0.8660,0,0,0,0,1.222877,0.912058,0.310819,1.389334,1.222877,0.872728,1.2052,2.0575,1.2052,0,0,0,1
SIG_S125,synthetic,1.25,39,color_00043.png,180.0000,2570.93,2572.1629,0.6841,1,1,1,1,1.616604,1.705920,-0.089317,1.817549,1.616606,0.452958,1.8081,2.4361,1.8081,0,0,0,1
SIG_S150,synthetic,1.5,20,color_00024.png,179.0897,2765.34,2766.7470,0.8877,1,1,1,1,1.595305,1.369481,0.225824,1.863773,1.595302,0.681795,0.9734,2.6346,0.9734,0,0,0,1
SIG_S150,synthetic,1.5,21,color_00025.png,0.6738,28.60,28.6010,0.6420,0,0,0,0,1.309370,1.058988,0.250382,1.391478,1.309370,0.546091,1.3625,1.8328,1.3625,0,0,0,1
SIG_S150,synthetic,1.5,22,color_00026.png,6.2516,51.63,51.6838,1.5677,0,0,0,0,2.146525,1.405909,0.740617,2.383240,2.146525,1.220078,2.3343,3.4096,2.3343,0,0,0,0
SIG_S150,synthetic,1.5,23,color_00027.png,180.0000,2789.02,2790.3397,0.9762,1,1,1,1,2.006317,1.886343,0.119974,2.197045,2.006321,0.419103,2.0214,3.1619,2.0214,0,0,0,0
SIG_S150,synthetic,1.5,24,color_00028.png,176.6845,1387.29,1389.9994,8994.9054,1,1,1,1,2.181082,1533.085297,-1530.904215,2.291975,2.181082,0.490864,2.1285,3.0786,2.1285,1,0,0,1
SIG_S150,synthetic,1.5,25,color_00029.png,4.6854,12.15,12.3786,0.9177,0,0,0,0,1.792401,1.268797,0.523603,1.887922,1.792401,0.239702,1.6303,2.5025,1.6303,0,0,0,1
SIG_S150,synthetic,1.5,26,color_00030.png,3.4637,19.19,19.2498,0.6099,0,0,0,0,1.752903,1.665647,0.087256,1.953586,1.752900,0.152416,1.7317,2.5998,1.7317,0,0,0,1
SIG_S150,synthetic,1.5,27,color_00031.png,2.4963,33.24,33.2720,1.1830,0,0,0,0,1.944465,1.429902,0.514563,2.154680,1.944467,0.973587,1.7645,2.9760,1.7645,0,0,0,1
SIG_S150,synthetic,1.5,28,color_00032.png,179.3310,2490.79,2492.1019,1.4249,1,1,1,1,1.682692,2.040989,-0.358297,2.034819,1.682691,0.944255,1.4869,3.0883,1.4869,0,0,0,1
SIG_S150,synthetic,1.5,29,color_00033.png,2.9893,14.34,14.4172,0.6546,0,0,0,0,2.034748,1.751223,0.283525,2.177344,2.034751,0.369563,2.2344,2.8477,2.2344,0,0,0,1
SIG_S150,synthetic,1.5,30,color_00034.png,180.0000,2622.37,2623.6265,1.0047,1,1,1,1,1.825706,2.012055,-0.186349,1.997135,1.825710,0.429821,1.6320,2.7039,1.6320,0,0,0,1
SIG_S150,synthetic,1.5,31,color_00035.png,4.6868,46.67,46.7075,1.2410,0,0,0,0,1.834425,0.829674,1.004752,1.991161,1.834422,0.812180,1.4669,2.8100,1.4669,0,0,0,1
SIG_S150,synthetic,1.5,32,color_00036.png,179.3364,2478.53,2479.8351,1.3067,1,1,1,1,2.317316,1.930558,0.386758,2.570219,2.317315,0.304965,2.1741,3.3777,2.1741,0,0,0,1
SIG_S150,synthetic,1.5,33,color_00037.png,4.9297,80.03,80.0668,1.4710,0,0,0,0,2.532858,1.701936,0.830922,2.837045,2.532859,0.631100,2.5869,4.0899,2.5869,0,0,0,1
SIG_S150,synthetic,1.5,34,color_00038.png,180.0000,2394.75,2395.9707,0.9690,1,1,1,1,1.793694,1.816329,-0.022634,1.979350,1.793692,0.617210,1.6809,2.7151,1.6809,0,0,0,1
SIG_S150,synthetic,1.5,35,color_00039.png,180.0000,2369.55,2370.8022,1.5053,1,1,1,1,2.283229,1.782704,0.500525,2.632606,2.283231,0.712533,2.2002,4.4098,2.2002,0,0,0,1
SIG_S150,synthetic,1.5,36,color_00040.png,177.5430,2446.05,2447.2743,1.4055,1,1,1,1,2.048697,2.298039,-0.249341,2.525444,2.048693,0.363212,1.6675,3.3656,1.6675,0,0,0,1
SIG_S150,synthetic,1.5,37,color_00041.png,2.9604,36.47,36.5074,0.6656,0,0,0,0,1.348432,0.994760,0.353672,1.455429,1.348434,0.264632,1.2825,1.8674,1.2825,0,0,0,1
SIG_S150,synthetic,1.5,38,color_00042.png,161.3086,1322.61,1324.9776,5040.6404,1,1,1,0,1.467452,1127.376713,-1125.909261,1.667201,1.467452,1.047273,1.4462,2.4690,1.4462,1,0,0,1
SIG_S150,synthetic,1.5,39,color_00043.png,180.0000,2570.04,2571.2743,0.7400,1,1,1,1,1.939925,1.968838,-0.028913,2.181059,1.939927,0.543549,2.1697,2.9234,2.1697,0,0,0,1
SIG_S175,synthetic,1.75,20,color_00024.png,178.9098,2759.19,2760.6068,1.0126,1,1,1,1,1.861189,1.568504,0.292684,2.174402,1.861185,0.795427,1.1357,3.0736,1.1357,0,0,0,1
SIG_S175,synthetic,1.75,21,color_00025.png,0.9080,33.26,33.2667,0.7490,0,0,0,0,1.527599,1.235722,0.291876,1.623391,1.527598,0.637106,1.5896,2.1383,1.5896,0,0,0,1
SIG_S175,synthetic,1.75,22,color_00026.png,166.7958,1413.15,1415.8056,7461.2110,1,1,1,0,2.504280,1535.657285,-1533.153005,2.780446,2.504280,1.423425,2.7234,3.9778,2.7234,1,0,0,0
SIG_S175,synthetic,1.75,23,color_00027.png,179.7409,2788.34,2789.6554,1.0901,1,1,1,1,2.340704,2.153470,0.187233,2.563219,2.340708,0.488953,2.3583,3.6889,2.3583,0,0,0,0
SIG_S175,synthetic,1.75,24,color_00028.png,178.8930,1412.73,1415.1653,4657.2810,1,1,1,1,2.544596,1087.927684,-1085.383088,2.673971,2.544596,0.572675,2.4833,3.5918,2.4833,1,0,0,1
SIG_S175,synthetic,1.75,25,color_00029.png,5.4656,14.79,15.0354,1.0680,0,0,0,0,2.091134,1.481285,0.609849,2.202575,2.091135,0.279652,1.9020,2.9195,1.9020,0,0,0,1
SIG_S175,synthetic,1.75,26,color_00030.png,4.0823,22.67,22.7442,0.7153,0,0,0,0,2.045053,1.942704,0.102349,2.279184,2.045050,0.177819,2.0203,3.0331,2.0203,0,0,0,1
SIG_S175,synthetic,1.75,27,color_00031.png,2.9309,38.73,38.7723,1.3797,0,0,0,0,2.268542,1.667870,0.600673,2.513794,2.268545,1.135851,2.0586,3.4720,2.0586,0,0,0,1
SIG_S175,synthetic,1.75,28,color_00032.png,179.1844,2486.48,2487.8014,1.5799,1,1,1,1,1.963140,2.243231,-0.280091,2.373955,1.963139,1.101631,1.7347,3.6030,1.7347,0,0,0,1
SIG_S175,synthetic,1.75,29,color_00033.png,3.4887,16.76,16.8512,0.7604,0,0,0,0,2.373873,2.044318,0.329555,2.540235,2.373876,0.431157,2.6068,3.3223,2.6068,0,0,0,1
SIG_S175,synthetic,1.75,30,color_00034.png,180.0000,2631.84,2633.0848,1.1218,1,1,1,1,2.129991,2.240370,-0.110379,2.329991,2.129994,0.501458,1.9040,3.1546,1.9040,0,0,0,1
SIG_S175,synthetic,1.75,31,color_00035.png,5.4721,54.52,54.5622,1.4492,0,0,0,0,2.140162,0.968136,1.172026,2.323021,2.140159,0.947544,1.7114,3.2783,1.7114,0,0,0,1
SIG_S175,synthetic,1.75,32,color_00036.png,179.2002,2473.21,2474.5176,1.4924,1,1,1,1,2.703535,2.113648,0.589888,2.998589,2.703534,0.355793,2.5365,3.9407,2.5365,0,0,0,1
SIG_S175,synthetic,1.75,33,color_00037.png,5.7169,92.87,92.9145,1.7170,0,0,0,0,2.955001,1.985385,0.969616,3.309886,2.955002,0.736283,3.0181,4.7716,3.0181,0,0,0,1
SIG_S175,synthetic,1.75,34,color_00038.png,180.0000,2393.84,2395.0599,1.0307,1,1,1,1,2.092643,2.031921,0.060722,2.309241,2.092641,0.720078,1.9611,3.1676,1.9611,0,0,0,1
SIG_S175,synthetic,1.75,35,color_00039.png,180.0000,2362.56,2363.8194,1.6699,1,1,1,1,2.663768,2.061751,0.602016,3.071374,2.663770,0.831289,2.5669,5.1447,2.5669,0,0,0,1
SIG_S175,synthetic,1.75,36,color_00040.png,177.0800,2448.13,2449.3527,1.5662,1,1,1,1,2.390146,2.539576,-0.149430,2.946351,2.390142,0.423747,1.9454,3.9265,1.9454,0,0,0,1
SIG_S175,synthetic,1.75,37,color_00041.png,3.4816,42.63,42.6748,0.7795,0,0,0,0,1.573171,1.158028,0.415143,1.698001,1.573174,0.308737,1.4962,2.1786,1.4962,0,0,0,1
SIG_S175,synthetic,1.75,38,color_00042.png,180.0000,2589.73,2590.9336,1.5251,1,1,1,1,1.712028,1.379404,0.332623,1.945068,1.712028,1.221819,1.6872,2.8805,1.6872,0,0,0,1
SIG_S175,synthetic,1.75,39,color_00043.png,179.7981,2569.07,2570.3055,0.8125,1,1,1,1,2.263246,2.240384,0.022862,2.544569,2.263249,0.634141,2.5314,3.4106,2.5314,0,0,0,1
SIG_S200,synthetic,2,20,color_00024.png,178.7353,2753.04,2754.4586,1.1426,1,1,1,1,2.127072,1.773390,0.353683,2.485031,2.127069,0.909060,1.2979,3.5127,1.2979,0,0,0,1
SIG_S200,synthetic,2,21,color_00025.png,1.1124,37.91,37.9137,0.8560,0,0,0,0,1.745827,1.412526,0.333301,1.855304,1.745827,0.728121,1.8167,2.4437,1.8167,0,0,0,1
SIG_S200,synthetic,2,22,color_00026.png,177.8012,2733.67,2734.9920,2.0564,1,1,1,1,2.862034,2.194798,0.667236,3.177653,2.862034,1.626771,3.1124,4.5461,3.1124,0,0,0,0
SIG_S200,synthetic,2,23,color_00027.png,179.5823,2787.46,2788.7728,1.2121,1,1,1,1,2.675091,2.422139,0.252952,2.929393,2.675094,0.558803,2.6952,4.2159,2.6952,0,0,0,0
SIG_S200,synthetic,2,24,color_00028.png,177.4180,1412.71,1415.1298,3764.4877,1,1,1,1,2.908109,1085.967737,-1083.059628,3.055966,2.908110,0.654486,2.8381,4.1049,2.8381,1,0,0,1
SIG_S200,synthetic,2,25,color_00029.png,6.2352,17.60,17.8655,1.2175,0,0,0,0,2.389868,1.694069,0.695798,2.517229,2.389868,0.319602,2.1737,3.3366,2.1737,0,0,0,1
SIG_S200,synthetic,2,26,color_00030.png,4.7012,26.24,26.3219,0.8219,0,0,0,0,2.337203,2.219589,0.117613,2.604781,2.337200,0.203221,2.3089,3.4664,2.3089,0,0,0,1
SIG_S200,synthetic,2,27,color_00031.png,3.3555,44.22,44.2602,1.5762,0,0,0,0,2.592620,1.905747,0.686873,2.872907,2.592623,1.298115,2.3527,3.9680,2.3527,0,0,0,1
SIG_S200,synthetic,2,28,color_00032.png,179.0454,2482.19,2483.5091,1.7371,1,1,1,1,2.243589,2.452146,-0.208557,2.713092,2.243588,1.259007,1.9825,4.1177,1.9825,0,0,0,1
SIG_S200,synthetic,2,29,color_00033.png,3.9762,19.19,19.2933,0.8653,0,0,0,0,2.712998,2.337731,0.375267,2.903126,2.713001,0.492751,2.9792,3.7969,2.9792,0,0,0,1
SIG_S200,synthetic,2,30,color_00034.png,180.0000,2641.43,2642.6735,1.2419,1,1,1,1,2.434276,2.475461,-0.041185,2.662847,2.434279,0.573094,2.1760,3.6052,2.1760,0,0,0,1
SIG_S200,synthetic,2,31,color_00035.png,6.2505,62.39,62.4382,1.6578,0,0,0,0,2.445899,1.106667,1.339232,2.654881,2.445896,1.082907,1.9559,3.7467,1.9559,0,0,0,1
SIG_S200,synthetic,2,32,color_00036.png,179.0727,2467.88,2469.1797,1.6848,1,1,1,1,3.089754,2.302101,0.787653,3.426959,3.089753,0.406620,2.8988,4.5036,2.8988,0,0,0,1
SIG_S200,synthetic,2,33,color_00037.png,6.4864,105.56,105.6100,1.9632,0,0,0,0,3.377144,2.268816,1.108328,3.782727,3.377145,0.841466,3.4492,5.4532,3.4492,0,0,0,1
SIG_S200,synthetic,2,34,color_00038.png,180.0000,2392.92,2394.1473,1.0998,1,1,1,1,2.391591,2.265076,0.126515,2.639133,2.391589,0.822946,2.2413,3.6201,2.2413,0,0,0,1
SIG_S200,synthetic,2,35,color_00039.png,180.0000,2355.57,2356.8415,1.8370,1,1,1,1,3.044306,2.356676,0.687630,3.510141,3.044308,0.950044,2.9336,5.8797,2.9336,0,0,0,1
SIG_S200,synthetic,2,36,color_00040.png,176.6133,2450.05,2451.2790,1.7330,1,1,1,1,2.731595,2.784089,-0.052493,3.367259,2.731591,0.484282,2.2234,4.4874,2.2234,0,0,0,1
SIG_S200,synthetic,2,37,color_00041.png,3.9960,48.81,48.8540,0.8941,0,0,0,0,1.797910,1.320641,0.477269,1.940572,1.797913,0.352842,1.7100,2.4898,1.7100,0,0,0,1
SIG_S200,synthetic,2,38,color_00042.png,180.0000,2589.26,2590.4718,1.6862,1,1,1,1,1.956603,1.485669,0.470934,2.222935,1.956603,1.396365,1.9283,3.2920,1.9283,0,0,0,1
SIG_S200,synthetic,2,39,color_00043.png,179.6425,2568.02,2569.2611,0.8980,1,1,1,1,2.586567,2.516561,0.070006,2.908078,2.586570,0.724732,2.8930,3.8978,2.8930,0,0,0,1
SIG_S250,synthetic,2.5,20,color_00024.png,178.3968,2740.75,2742.1731,1.4128,1,1,1,1,2.658840,2.194279,0.464560,3.106289,2.658836,1.136325,1.6224,4.3909,1.6224,0,0,0,1
SIG_S250,synthetic,2.5,21,color_00025.png,1.4794,47.14,47.1442,1.0700,0,0,0,0,2.182284,1.766307,0.415977,2.319130,2.182283,0.910151,2.2709,3.0547,2.2709,0,0,0,1
SIG_S250,synthetic,2.5,22,color_00026.png,177.2008,2715.99,2717.3088,2.5713,1,1,1,1,3.577542,2.636858,0.940684,3.972066,3.577542,2.033464,3.8906,5.6826,3.8906,0,0,0,0
SIG_S250,synthetic,2.5,23,color_00027.png,179.3045,2785.06,2786.3653,1.4786,1,1,1,1,3.343864,2.961855,0.382009,3.661742,3.343868,0.698504,3.3690,5.2698,3.3690,0,0,0,0
SIG_S250,synthetic,2.5,24,color_00028.png,180.0000,1412.71,1415.1409,3902.8357,1,1,1,1,3.635137,1090.162276,-1086.527139,3.819958,3.635137,0.818107,3.5476,5.1311,3.5476,1,0,0,1
SIG_S250,synthetic,2.5,25,color_00029.png,7.7458,23.74,24.0325,1.5142,0,0,0,0,2.987335,2.120695,0.866640,3.146536,2.987335,0.399503,2.7171,4.1708,2.7171,0,0,0,1
SIG_S250,synthetic,2.5,26,color_00030.png,5.9415,33.62,33.7223,1.0384,0,0,0,0,2.921503,2.772780,0.148723,3.255977,2.921500,0.254027,2.8861,4.3330,2.8861,0,0,0,1
SIG_S250,synthetic,2.5,27,color_00031.png,4.1804,55.14,55.1968,1.9690,0,0,0,0,3.240776,2.381207,0.859569,3.591134,3.240778,1.622644,2.9408,4.9599,2.9408,0,0,0,1
SIG_S250,synthetic,2.5,28,color_00032.png,178.7807,2473.62,2474.9516,2.0560,1,1,1,1,2.804486,2.888816,-0.084330,3.391364,2.804485,1.573759,2.4781,5.1472,2.4781,0,0,0,1
SIG_S250,synthetic,2.5,29,color_00033.png,4.9217,24.09,24.2118,1.0729,0,0,0,0,3.391249,2.925573,0.465676,3.628907,3.391251,0.615938,3.7240,4.7461,3.7240,0,0,0,1
SIG_S250,synthetic,2.5,30,color_00034.png,180.0000,2661.03,2662.2684,1.4875,1,1,1,1,3.042846,2.959974,0.082872,3.328559,3.042849,0.716368,2.7200,4.5065,2.7200,0,0,0,1
SIG_S250,synthetic,2.5,31,color_00035.png,7.7879,78.19,78.2539,2.0763,0,0,0,0,3.057373,1.383921,1.673452,3.318602,3.057370,1.353634,2.4449,4.6833,2.4449,0,0,0,1
SIG_S250,synthetic,2.5,32,color_00036.png,178.8338,2457.16,2458.4624,2.0798,1,1,1,1,3.862192,2.758732,1.103461,4.283699,3.862191,0.508275,3.6236,5.6295,3.6236,0,0,0,1
SIG_S250,synthetic,2.5,33,color_00037.png,7.9754,130.47,130.5289,2.4557,0,0,0,0,4.221430,2.835674,1.385757,4.728408,4.221431,1.051833,4.3115,6.8166,4.3115,0,0,0,1
SIG_S250,synthetic,2.5,34,color_00038.png,180.0000,2391.09,2392.3194,1.2567,1,1,1,1,2.989489,2.763033,0.226456,3.298916,2.989486,1.028683,2.8016,4.5252,2.8016,0,0,0,1
SIG_S250,synthetic,2.5,35,color_00039.png,180.0000,2341.63,2342.9103,2.1757,1,1,1,1,3.805383,2.970184,0.835199,4.387677,3.805385,1.187555,3.6669,7.3496,3.6669,0,0,0,1
SIG_S250,synthetic,2.5,36,color_00040.png,175.6667,2453.42,2454.6488,2.0805,1,1,1,1,3.414493,3.279665,0.134828,4.209073,3.414489,0.605353,2.7792,5.6093,2.7792,0,0,0,1
SIG_S250,synthetic,2.5,37,color_00041.png,5.0091,61.18,61.2409,1.1253,0,0,0,0,2.247388,1.643926,0.603462,2.425715,2.247391,0.441053,2.1375,3.1123,2.1375,0,0,0,1
SIG_S250,synthetic,2.5,38,color_00042.png,180.0000,2588.33,2589.5438,2.0149,1,1,1,1,2.445754,1.724174,0.721580,2.778668,2.445754,1.745456,2.4103,4.1150,2.4103,0,0,0,1
SIG_S250,synthetic,2.5,39,color_00043.png,179.4176,2565.67,2566.9105,1.0951,1,1,1,1,3.233210,3.080572,0.152638,3.635098,3.233212,0.905916,3.6162,4.8723,3.6162,0,0,0,1
SIG_S300,synthetic,3,20,color_00024.png,178.0693,2728.47,2729.9012,1.6913,1,1,1,1,3.190607,2.624257,0.566349,3.727546,3.190603,1.363590,1.9469,5.2691,1.9469,0,0,0,1
SIG_S300,synthetic,3,21,color_00025.png,180.0000,2772.36,2773.7172,1.2171,1,1,1,1,2.618740,2.290134,0.328606,2.782956,2.618740,1.092182,2.7250,3.6656,2.7250,0,0,0,1
SIG_S300,synthetic,3,22,color_00026.png,176.5999,2697.83,2699.1514,3.0915,1,1,1,1,4.293051,3.080098,1.212953,4.766479,4.293051,2.440157,4.6687,6.8192,4.6687,0,0,0,0
SIG_S300,synthetic,3,23,color_00027.png,179.0201,2781.70,2783.0009,1.7686,1,1,1,1,4.012638,3.503570,0.509067,4.394090,4.012642,0.838205,4.0428,6.3238,4.0428,0,0,0,0
SIG_S300,synthetic,3,24,color_00028.png,177.0244,1412.86,1415.2878,5705.4367,1,1,1,1,4.362164,1087.316405,-1082.954241,4.583950,4.362164,0.981729,4.2571,6.1573,4.2571,1,0,0,1
SIG_S300,synthetic,3,25,color_00029.png,9.2174,30.54,30.8582,1.8077,0,0,0,0,3.584802,2.548813,1.035989,3.775843,3.584803,0.479404,3.2606,5.0049,3.2606,0,0,0,1
SIG_S300,synthetic,3,26,color_00030.png,7.1868,41.32,41.4400,1.2591,0,0,0,0,3.505803,3.325137,0.180666,3.907172,3.505800,0.304832,3.4634,5.1996,3.4634,0,0,0,1
SIG_S300,synthetic,3,27,color_00031.png,4.9786,66.01,66.0707,2.3613,0,0,0,0,3.888931,2.856337,1.032594,4.309361,3.888934,1.947173,3.5290,5.9519,3.5290,0,0,0,1
SIG_S300,synthetic,3,28,color_00032.png,178.5271,2465.10,2466.4323,2.3788,1,1,1,1,3.365383,3.339669,0.025714,4.069637,3.365382,1.888511,2.9737,6.1766,2.9737,0,0,0,1
SIG_S300,synthetic,3,29,color_00033.png,5.8323,29.01,29.1538,1.2772,0,0,0,0,4.069499,3.514586,0.554913,4.354688,4.069501,0.739126,4.4688,5.6953,4.4688,0,0,0,1
SIG_S300,synthetic,3,30,color_00034.png,180.0000,2681.21,2682.4321,1.7377,1,1,1,1,3.651416,3.457512,0.193904,3.994271,3.651419,0.859641,3.2640,5.4078,3.2640,0,0,0,1
SIG_S300,synthetic,3,31,color_00035.png,9.3033,94.07,94.1423,2.4965,0,0,0,0,3.668847,1.661411,2.007436,3.982322,3.668844,1.624361,2.9339,5.6200,2.9339,0,0,0,1
SIG_S300,synthetic,3,32,color_00036.png,178.6090,2446.40,2447.7059,2.4806,1,1,1,1,4.634631,3.248797,1.385834,5.140438,4.634629,0.609930,4.3483,6.7554,4.3483,0,0,0,1
SIG_S300,synthetic,3,33,color_00037.png,9.3983,154.72,154.7881,2.9479,0,0,0,0,5.065716,3.402642,1.663074,5.674090,5.065717,1.262199,5.1738,8.1799,5.1738,0,0,0,1
SIG_S300,synthetic,3,34,color_00038.png,180.0000,2389.25,2390.4811,1.4322,1,1,1,1,3.587386,3.284781,0.302605,3.958700,3.587384,1.234419,3.3619,5.4302,3.3619,0,0,0,1
SIG_S300,synthetic,3,35,color_00039.png,180.0000,2327.74,2329.0278,2.5181,1,1,1,1,4.566460,3.599264,0.967196,5.265212,4.566462,1.425066,4.4003,8.8195,4.4003,0,0,0,1
SIG_S300,synthetic,3,36,color_00040.png,174.7021,2456.11,2457.3439,2.4402,1,1,1,1,4.097391,3.781893,0.315498,5.050888,4.097387,0.726423,3.3351,6.7311,3.3351,0,0,0,1
SIG_S300,synthetic,3,37,color_00041.png,6.0078,73.60,73.6720,1.3594,0,0,0,0,2.696866,1.964622,0.732244,2.910858,2.696869,0.529263,2.5650,3.7348,2.5650,0,0,0,1
SIG_S300,synthetic,3,38,color_00042.png,179.7688,2587.40,2588.6098,2.3490,1,1,1,1,2.934905,1.996815,0.938089,3.334402,2.934905,2.094547,2.8924,4.9381,2.8924,0,0,0,1
SIG_S300,synthetic,3,39,color_00043.png,179.2271,2563.03,2564.2760,1.3139,1,1,1,1,3.879852,3.659913,0.219940,4.362118,3.879855,1.087099,4.3395,5.8467,4.3395,0,0,0,1
SIG_S400,synthetic,4,20,color_00024.png,177.4401,2704.00,2705.4349,2.2594,1,1,1,1,4.254141,3.498100,0.756042,4.970062,4.254137,1.818119,2.5958,7.0255,2.5958,0,0,0,1
SIG_S400,synthetic,4,21,color_00025.png,180.0000,2754.88,2756.2454,1.6238,1,1,1,1,3.491654,2.962244,0.529409,3.710608,3.491653,1.456242,3.6334,4.8875,3.6334,0,0,0,1
SIG_S400,synthetic,4,22,color_00026.png,175.4027,2660.41,2661.7255,4.1434,1,1,1,1,5.724068,3.961664,1.762404,6.355306,5.724068,3.253542,6.2249,9.0922,6.2249,0,0,0,0
SIG_S400,synthetic,4,23,color_00027.png,178.3804,2771.85,2773.1391,2.4017,1,1,1,1,5.350185,4.591742,0.758443,5.858787,5.350189,1.117607,5.3904,8.4317,5.3904,0,0,0,0
SIG_S400,synthetic,4,24,color_00028.png,173.2362,1387.44,1390.1449,6488.3647,1,1,1,1,5.816219,1535.773572,-1529.957354,6.111933,5.816219,1.308972,5.6761,8.2097,5.6761,1,0,0,1
SIG_S400,synthetic,4,25,color_00029.png,12.0329,46.03,46.3752,2.3851,0,0,0,0,4.779736,3.410119,1.369617,5.034458,4.779737,0.639205,4.3474,6.6733,4.3474,0,0,0,1
SIG_S400,synthetic,4,26,color_00030.png,9.6837,57.62,57.7728,1.7116,0,0,0,0,4.674403,4.426982,0.247420,5.209563,4.674399,0.406442,4.6178,6.9328,4.6178,0,0,0,1
SIG_S400,synthetic,4,27,color_00031.png,6.5075,87.52,87.6045,3.1447,0,0,0,0,5.185243,3.805656,1.379587,5.745814,5.185245,2.596231,4.7053,7.9359,4.7053,0,0,0,1
SIG_S400,synthetic,4,28,color_00032.png,178.0391,2448.16,2449.5059,3.0309,1,1,1,1,4.487177,4.256273,0.230904,5.426183,4.487176,2.518014,3.9650,8.2355,3.9650,0,0,0,1
SIG_S400,synthetic,4,29,color_00033.png,7.5628,38.93,39.1072,1.6773,0,0,0,0,5.425999,4.696232,0.729767,5.806251,5.426002,0.985501,5.9584,7.5938,5.9584,0,0,0,1
SIG_S400,synthetic,4,30,color_00034.png,169.5410,1301.55,1304.0587,6498.9440,1,1,1,0,4.868556,1753.173181,-1748.304625,5.325695,4.868559,1.146189,4.3520,7.2104,4.3520,1,0,0,1
SIG_S400,synthetic,4,31,color_00035.png,12.2704,126.01,126.1023,3.3423,0,0,0,0,4.891796,2.216823,2.674973,5.309763,4.891792,2.165814,3.9118,7.4933,3.9118,0,0,0,1
SIG_S400,synthetic,4,32,color_00036.png,178.1850,2424.85,2426.1511,3.2861,1,1,1,1,6.179507,4.249853,1.929654,6.853918,6.179506,0.813240,5.7977,9.0072,5.7977,0,0,0,1
SIG_S400,synthetic,4,33,color_00037.png,12.0632,201.20,201.2946,3.9317,0,0,0,0,6.754289,4.537029,2.217260,7.565453,6.754290,1.682932,6.8984,10.9065,6.8984,0,0,0,1
SIG_S400,synthetic,4,34,color_00038.png,179.5246,2385.57,2386.7956,1.8100,1,1,1,1,4.783181,4.361956,0.421224,5.278266,4.783178,1.645892,4.4825,7.2403,4.4825,0,0,0,1
SIG_S400,synthetic,4,35,color_00039.png,180.0000,2300.22,2301.5340,3.2084,1,1,1,1,6.088614,4.877920,1.210694,7.020283,6.088616,1.900088,5.8671,11.7594,5.8671,0,0,0,1
SIG_S400,synthetic,4,36,color_00040.png,172.7111,2459.31,2460.5550,3.1826,1,1,1,1,5.463187,4.801091,0.662096,6.734517,5.463183,0.968564,4.4467,8.9749,4.4467,0,0,0,1
SIG_S400,synthetic,4,37,color_00041.png,7.9604,98.44,98.5363,1.8351,0,0,0,0,3.595823,2.598943,0.996880,3.881145,3.595825,0.705684,3.4199,4.9797,3.4199,0,0,0,1
SIG_S400,synthetic,4,38,color_00042.png,179.4505,2585.52,2586.7311,3.0263,1,1,1,1,3.913206,2.618342,1.294864,4.445870,3.913206,2.792729,3.8565,6.5841,3.8565,0,0,0,1
SIG_S400,synthetic,4,39,color_00043.png,178.8712,2556.87,2558.1202,1.7900,1,1,1,1,5.173137,4.860155,0.312983,5.816157,5.173140,1.449465,5.7860,7.7956,5.7860,0,0,0,1
