condition,group,scale,anisotropy_level,shift_level,image_id,rgb,rot_err_deg,trans_err_mm,add_mm,reproj_official_px,flip_gt_90,flip_gt_120,flip_gt_150,flip_gt_170,J_gt_px,J_pred_px,delta_J_px,res_rms_px,res_meannorm_px,res_coherent_px,res_lambda_max,res_lambda_min,res_anisotropy,res_max_px,res_median_px,kp_err_median_px,flag_solver_divergence,flag_catastrophic_kp,flag_pnp_exception,in_clean18
C0_gt,control,,n/a,n/a,20,color_00024.png,0.0000,0.08,0.0823,0.0001,0,0,0,0,0.000013,0.000081,-0.000069,0.000000,0.000000,0.000000,0.000000,0.000000,nan,0.0000,0.0000,0.0000,0,0,0,1
C0_gt,control,,n/a,n/a,21,color_00025.png,0.0000,0.09,0.0879,0.0000,0,0,0,0,0.000010,0.000054,-0.000043,0.000000,0.000000,0.000000,0.000000,0.000000,nan,0.0000,0.0000,0.0000,0,0,0,1
C0_gt,control,,n/a,n/a,22,color_00026.png,0.0000,0.09,0.0881,0.0000,0,0,0,0,0.000010,0.000036,-0.000026,0.000000,0.000000,0.000000,0.000000,0.000000,nan,0.0000,0.0000,0.0000,0,0,0,0
C0_gt,control,,n/a,n/a,23,color_00027.png,0.0000,0.09,0.0873,0.0000,0,0,0,0,0.000009,0.000033,-0.000024,0.000000,0.000000,0.000000,0.000000,0.000000,nan,0.0000,0.0000,0.0000,0,0,0,0
C0_gt,control,,n/a,n/a,24,color_00028.png,0.0000,0.09,0.0869,0.0000,0,0,0,0,0.000008,0.000029,-0.000020,0.000000,0.000000,0.000000,0.000000,0.000000,nan,0.0000,0.0000,0.0000,0,0,0,1
C0_gt,control,,n/a,n/a,25,color_00029.png,0.0000,0.09,0.0857,0.0000,0,0,0,0,0.000007,0.000015,-0.000008,0.000000,0.000000,0.000000,0.000000,0.000000,nan,0.0000,0.0000,0.0000,0,0,0,1
C0_gt,control,,n/a,n/a,26,color_00030.png,0.0000,0.08,0.0850,0.0000,0,0,0,0,0.000009,0.000020,-0.000010,0.000000,0.000000,0.000000,0.000000,0.000000,nan,0.0000,0.0000,0.0000,0,0,0,1
C0_gt,control,,n/a,n/a,27,color_00031.png,0.0000,0.08,0.0836,0.0000,0,0,0,0,0.000009,0.000037,-0.000028,0.000000,0.000000,0.000000,0.000000,0.000000,nan,0.0000,0.0000,0.0000,0,0,0,1
C0_gt,control,,n/a,n/a,28,color_00032.png,0.0000,0.08,0.0831,0.0000,0,0,0,0,0.000010,0.000048,-0.000039,0.000000,0.000000,0.000000,0.000000,0.000000,nan,0.0000,0.0000,0.0000,0,0,0,1
C0_gt,control,,n/a,n/a,29,color_00033.png,0.0000,0.08,0.0839,0.0000,0,0,0,0,0.000010,0.000052,-0.000043,0.000000,0.000000,0.000000,0.000000,0.000000,nan,0.0000,0.0000,0.0000,0,0,0,1
C0_gt,control,,n/a,n/a,30,color_00034.png,0.0000,0.08,0.0843,0.0000,0,0,0,0,0.000008,0.000052,-0.000044,0.000000,0.000000,0.000000,0.000000,0.000000,nan,0.0000,0.0000,0.0000,0,0,0,1
C0_gt,control,,n/a,n/a,31,color_00035.png,0.0000,0.09,0.0851,0.0000,0,0,0,0,0.000011,0.000047,-0.000036,0.000000,0.000000,0.000000,0.000000,0.000000,nan,0.0000,0.0000,0.0000,0,0,0,1
C0_gt,control,,n/a,n/a,32,color_00036.png,0.0000,0.08,0.0828,0.0001,0,0,0,0,0.000012,0.000062,-0.000050,0.000000,0.000000,0.000000,0.000000,0.000000,nan,0.0000,0.0000,0.0000,0,0,0,1
C0_gt,control,,n/a,n/a,33,color_00037.png,0.0000,0.08,0.0813,0.0001,0,0,0,0,0.000008,0.000093,-0.000085,0.000000,0.000000,0.000000,0.000000,0.000000,nan,0.0000,0.0000,0.0000,0,0,0,1
C0_gt,control,,n/a,n/a,34,color_00038.png,0.0000,0.08,0.0799,0.0001,0,0,0,0,0.000010,0.000098,-0.000089,0.000000,0.000000,0.000000,0.000000,0.000000,nan,0.0000,0.0000,0.0000,0,0,0,1
C0_gt,control,,n/a,n/a,35,color_00039.png,0.0000,0.08,0.0806,0.0001,0,0,0,0,0.000009,0.000084,-0.000075,0.000000,0.000000,0.000000,0.000000,0.000000,nan,0.0000,0.0000,0.0000,0,0,0,1
C0_gt,control,,n/a,n/a,36,color_00040.png,0.0000,0.08,0.0812,0.0001,0,0,0,0,0.000012,0.000080,-0.000068,0.000000,0.000000,0.000000,0.000000,0.000000,nan,0.0000,0.0000,0.0000,0,0,0,1
C0_gt,control,,n/a,n/a,37,color_00041.png,0.0000,0.09,0.0859,0.0000,0,0,0,0,0.000013,0.000057,-0.000044,0.000000,0.000000,0.000000,0.000000,0.000000,nan,0.0000,0.0000,0.0000,0,0,0,1
C0_gt,control,,n/a,n/a,38,color_00042.png,0.0000,0.09,0.0863,0.0000,0,0,0,0,0.000009,0.000057,-0.000047,0.000000,0.000000,0.000000,0.000000,0.000000,nan,0.0000,0.0000,0.0000,0,0,0,1
C0_gt,control,,n/a,n/a,39,color_00043.png,0.0000,0.09,0.0851,0.0000,0,0,0,0,0.000010,0.000047,-0.000037,0.000000,0.000000,0.000000,0.000000,0.000000,nan,0.0000,0.0000,0.0000,0,0,0,1
C1_D0_real,control,,n/a,n/a,20,color_00024.png,180.0000,3441.41,3442.4556,10.4145,1,1,1,1,14.083450,4.845409,9.238041,15.531899,14.083451,8.860603,114.283542,48.446066,2.3590,27.9311,12.8198,12.8198,0,0,0,1
C1_D0_real,control,,n/a,n/a,21,color_00025.png,149.3291,989.42,990.1219,401.4582,1,1,0,0,399.161707,4.319068,394.842639,400.763216,399.161708,398.702141,1294.171422,353.586706,3.6601,456.8869,391.2730,391.2730,1,1,0,1
C1_D0_real,control,,n/a,n/a,22,color_00026.png,30.7444,184.66,184.9981,7.9436,0,0,0,0,8.301185,3.843681,4.457503,10.228667,8.301189,6.394773,48.610301,15.122204,3.2145,19.0633,5.9049,5.9049,0,0,0,0
C1_D0_real,control,,n/a,n/a,23,color_00027.png,108.9261,1432.00,1432.4097,2828.7046,1,0,0,0,479.639920,589.725805,-110.085885,480.021839,479.639916,479.441975,373.635693,182.722304,2.0448,508.9932,478.4301,478.4301,1,1,0,0
C1_D0_real,control,,n/a,n/a,24,color_00028.png,16.1687,126.94,127.3538,4.8280,0,0,0,0,5.744700,2.426908,3.317792,6.642455,5.744700,2.525871,25.608541,12.133638,2.1105,10.3777,5.8072,5.8072,0,0,0,1
C1_D0_real,control,,n/a,n/a,25,color_00029.png,9.4683,141.49,141.5457,3.5085,0,0,0,0,4.365917,0.595523,3.770394,4.721047,4.365915,2.079436,13.820875,4.143356,3.3357,6.9292,4.6668,4.6668,0,0,0,1
C1_D0_real,control,,n/a,n/a,26,color_00030.png,6.2135,90.44,90.4756,1.8746,0,0,0,0,2.508644,0.436944,2.071700,2.763540,2.508642,0.491371,5.148676,2.247030,2.2913,4.2095,2.4243,2.4243,0,0,0,1
C1_D0_real,control,,n/a,n/a,27,color_00031.png,5.6913,42.67,42.7437,1.6895,0,0,0,0,2.126329,0.377484,1.748846,2.488353,2.126328,1.393204,3.531400,0.719482,4.9083,4.2848,1.9856,1.9856,0,0,0,1
C1_D0_real,control,,n/a,n/a,28,color_00032.png,7.5996,16.58,16.9487,1.7307,0,0,0,0,2.195664,0.345309,1.850354,2.569589,2.195663,1.265842,4.691292,0.309140,15.1753,4.5390,1.8143,1.8143,0,0,0,1
C1_D0_real,control,,n/a,n/a,29,color_00033.png,9.3608,8.63,9.7330,2.1799,0,0,0,0,2.575138,0.394374,2.180764,2.946221,2.575140,1.477527,6.244021,0.253111,24.6691,4.7114,2.0611,2.0611,0,0,0,1
C1_D0_real,control,,n/a,n/a,30,color_00034.png,9.3976,21.79,22.1992,2.2536,0,0,0,0,2.666643,0.201033,2.465609,3.055752,2.666641,1.576839,6.388682,0.462519,13.8128,4.6470,2.2043,2.2043,0,0,0,1
C1_D0_real,control,,n/a,n/a,31,color_00035.png,3.5995,36.33,36.3702,1.2956,0,0,0,0,1.565301,0.256113,1.309188,1.746542,1.565303,1.175680,1.345984,0.322200,4.1775,2.9198,1.4653,1.4653,0,0,0,1
C1_D0_real,control,,n/a,n/a,32,color_00036.png,4.9872,20.76,20.8787,1.2906,0,0,0,0,1.601124,0.306850,1.294274,1.793952,1.601125,0.915604,2.125766,0.254165,8.3637,2.9277,1.2437,1.2437,0,0,0,1
C1_D0_real,control,,n/a,n/a,33,color_00037.png,6.5717,37.49,37.6580,2.4986,0,0,0,0,2.876114,0.308048,2.568066,3.056939,2.876114,2.073688,4.267054,0.777643,5.4872,4.5969,2.9249,2.9249,0,0,0,1
C1_D0_real,control,,n/a,n/a,34,color_00038.png,7.2638,29.80,30.1641,2.7390,0,0,0,0,3.396210,0.594529,2.801680,3.593066,3.396212,1.818067,7.895618,1.709141,4.6196,5.2969,3.7472,3.7472,0,0,0,1
C1_D0_real,control,,n/a,n/a,35,color_00039.png,9.5098,62.19,62.4112,2.7158,0,0,0,0,3.182493,0.514345,2.668147,3.566429,3.182495,1.583968,7.448271,2.762195,2.6965,6.3176,2.8674,2.8674,0,0,0,1
C1_D0_real,control,,n/a,n/a,36,color_00040.png,9.1589,57.28,57.5426,2.6806,0,0,0,0,3.102673,0.367699,2.734974,3.479079,3.102674,1.343553,7.420012,2.878844,2.5774,5.1897,3.4134,3.4134,0,0,0,1
C1_D0_real,control,,n/a,n/a,37,color_00041.png,9.7482,46.35,46.5903,2.7882,0,0,0,0,2.996508,0.526232,2.470276,3.364686,2.996515,2.132134,5.685179,1.089940,5.2160,6.2417,2.8416,2.8416,0,0,0,1
C1_D0_real,control,,n/a,n/a,38,color_00042.png,10.9441,31.04,31.4385,3.2345,0,0,0,0,3.494648,0.420962,3.073686,3.807877,3.494650,2.600671,6.644921,1.091512,6.0878,5.7615,3.3593,3.3593,0,0,0,1
C1_D0_real,control,,n/a,n/a,39,color_00043.png,176.2012,2547.65,2548.8718,2.6271,1,1,1,1,2.612415,0.855895,1.756520,2.969037,2.612415,1.765148,4.648953,1.050479,4.4256,5.6248,2.4061,2.4061,0,0,0,1
C2_D1_real,control,,n/a,n/a,20,color_00024.png,165.5574,3383.09,3384.2266,13.2017,1,1,1,0,15.991409,6.394991,9.596418,17.658430,15.991414,12.775219,87.515251,61.098680,1.4324,26.9732,16.2163,16.2163,0,0,0,1
C2_D1_real,control,,n/a,n/a,21,color_00025.png,147.4644,1012.62,1013.2905,400.2365,1,1,0,0,398.068348,3.802835,394.265513,399.564555,398.068348,397.610833,1203.804896,353.654724,3.4039,450.1213,391.1811,391.1811,1,1,0,1
C2_D1_real,control,,n/a,n/a,22,color_00026.png,161.5427,1414.67,1416.4526,40072.2679,1,1,1,0,11.643346,2001.281857,-1989.638511,14.711079,11.643350,9.500222,98.750276,27.411335,3.6025,29.7051,7.6994,7.6994,1,0,0,0
C2_D1_real,control,,n/a,n/a,23,color_00027.png,108.9261,1432.00,1432.4097,2828.7046,1,0,0,0,479.639920,589.725805,-110.085885,480.021839,479.639916,479.441975,373.635693,182.722304,2.0448,508.9932,478.4301,478.4301,1,1,0,0
C2_D1_real,control,,n/a,n/a,24,color_00028.png,171.5912,2624.59,2625.9361,6.1694,1,1,1,1,6.999791,2.316546,4.683246,7.731074,6.999795,4.737545,32.020980,5.304191,6.0369,11.6600,8.4525,8.4525,0,0,0,1
C2_D1_real,control,,n/a,n/a,25,color_00029.png,10.4126,130.82,130.8920,3.9937,0,0,0,0,4.351412,0.599692,3.751720,4.968860,4.351411,2.892405,14.481295,1.842273,7.8606,9.5189,3.7811,3.7811,0,0,0,1
C2_D1_real,control,,n/a,n/a,26,color_00030.png,6.9669,86.25,86.3061,2.5197,0,0,0,0,2.699018,0.773196,1.925823,3.243773,2.699019,1.722819,6.869964,0.683992,10.0439,7.4257,2.1596,2.1596,0,0,0,1
C2_D1_real,control,,n/a,n/a,27,color_00031.png,6.9970,48.82,48.9335,2.0468,0,0,0,0,2.316201,0.740319,1.575883,2.698829,2.316202,1.185961,5.039543,0.837632,6.0164,5.5375,1.9012,1.9012,0,0,0,1
C2_D1_real,control,,n/a,n/a,28,color_00032.png,6.1027,15.23,15.6194,2.0192,0,0,0,0,2.190562,0.675423,1.515140,2.527130,2.190560,1.515573,3.388998,0.700423,4.8385,4.8138,2.0800,2.0800,0,0,0,1
C2_D1_real,control,,n/a,n/a,29,color_00033.png,177.9822,2525.22,2526.5229,1.5092,1,1,1,1,1.648540,0.868715,0.779825,1.978532,1.648537,0.766769,2.552177,0.774478,3.2954,3.5779,1.0884,1.0884,0,0,0,1
C2_D1_real,control,,n/a,n/a,30,color_00034.png,5.7465,24.83,25.0003,1.3810,0,0,0,0,1.660202,0.593862,1.066341,2.016573,1.660202,0.515586,3.562138,0.238600,14.9293,3.9726,1.1049,1.1049,0,0,0,1
C2_D1_real,control,,n/a,n/a,31,color_00035.png,176.5324,2581.22,2582.5518,2.6002,1,1,1,1,2.727633,0.843347,1.884287,3.023454,2.727638,2.189985,3.016367,1.328873,2.2699,5.8501,2.7199,2.7199,0,0,0,1
C2_D1_real,control,,n/a,n/a,32,color_00036.png,3.8590,38.14,38.1935,1.6223,0,0,0,0,1.812938,0.750633,1.062305,2.118135,1.812942,1.302965,2.240048,0.548730,4.0822,4.7590,1.4652,1.4652,0,0,0,1
C2_D1_real,control,,n/a,n/a,33,color_00037.png,180.0000,2398.07,2399.3632,1.0555,1,1,1,1,1.059413,1.261562,-0.202149,1.313530,1.059412,0.287131,1.280299,0.362617,3.5307,2.5114,0.7517,0.7517,0,0,0,1
C2_D1_real,control,,n/a,n/a,34,color_00038.png,178.6629,2397.55,2398.7961,1.4428,1,1,1,1,2.073282,1.744467,0.328814,2.319810,2.073284,0.868308,3.810415,0.817145,4.6631,4.1970,1.9395,1.9395,0,0,0,1
C2_D1_real,control,,n/a,n/a,35,color_00039.png,179.1685,2378.86,2380.0897,0.9442,1,1,1,1,1.279111,1.584249,-0.305138,1.516059,1.279110,0.607801,1.134579,0.794434,1.4282,2.5507,1.2970,1.2970,0,0,0,1
C2_D1_real,control,,n/a,n/a,36,color_00040.png,178.9337,2400.45,2401.6689,1.3028,1,1,1,1,1.813398,1.522529,0.290869,2.017149,1.813393,1.015506,2.107027,0.930610,2.2641,3.6521,1.6416,1.6416,0,0,0,1
C2_D1_real,control,,n/a,n/a,37,color_00041.png,178.2629,2559.22,2560.4100,1.2125,1,1,1,1,1.457800,1.113280,0.344520,1.570861,1.457804,0.561004,1.164609,0.988271,1.1784,2.7053,1.1545,1.1545,0,0,0,1
C2_D1_real,control,,n/a,n/a,38,color_00042.png,179.0011,2597.49,2598.7105,1.6649,1,1,1,1,1.889524,0.960450,0.929074,2.130711,1.889525,1.049271,2.750585,0.688372,3.9958,3.9127,1.8207,1.8207,0,0,0,1
C2_D1_real,control,,n/a,n/a,39,color_00043.png,179.0317,2586.81,2588.0512,1.0532,1,1,1,1,1.461647,0.998484,0.463163,1.624343,1.461645,0.450828,1.276262,1.158982,1.1012,2.5047,1.4503,1.4503,0,0,0,1
ISO_S05,grid,0.5,ISOTROPIC,ZERO,20,color_00024.png,1.5030,25.20,25.2144,0.4509,0,0,0,0,1.018586,0.938864,0.079722,1.211735,1.018586,0.000000,1.240060,0.228242,5.4331,2.1452,1.0564,1.0564,0,0,0,1
ISO_S05,grid,0.5,ISOTROPIC,ZERO,21,color_00025.png,0.5204,27.04,27.0435,0.3456,0,0,0,0,1.079163,1.001797,0.077366,1.211735,1.079161,0.000000,1.055225,0.413076,2.5546,1.9299,1.3325,1.3325,0,0,0,1
ISO_S05,grid,0.5,ISOTROPIC,ZERO,22,color_00026.png,3.6491,30.07,30.1085,0.5898,0,0,0,0,1.137583,0.840466,0.297117,1.211735,1.137582,0.000000,0.941016,0.527286,1.7846,1.6945,1.2159,1.2159,0,0,0,0
ISO_S05,grid,0.5,ISOTROPIC,ZERO,23,color_00027.png,180.0000,2789.83,2791.1546,0.6111,1,1,1,1,1.109812,1.209573,-0.099761,1.211735,1.109816,0.000000,0.831546,0.636756,1.3059,1.7361,1.2380,1.2380,0,0,0,0
ISO_S05,grid,0.5,ISOTROPIC,ZERO,24,color_00028.png,0.6854,11.57,11.5941,0.2938,0,0,0,0,1.161962,1.097132,0.064830,1.211735,1.161963,0.000000,1.130878,0.337423,3.3515,1.9529,1.1176,1.1176,0,0,0,1
ISO_S05,grid,0.5,ISOTROPIC,ZERO,25,color_00029.png,3.0088,7.16,7.3261,0.5903,0,0,0,0,1.147176,0.819890,0.327285,1.211735,1.147176,0.000000,1.108060,0.360241,3.0759,1.7301,1.1538,1.1538,0,0,0,1
ISO_S05,grid,0.5,ISOTROPIC,ZERO,26,color_00030.png,2.0511,11.59,11.6315,0.3636,0,0,0,0,1.088094,1.036817,0.051277,1.211735,1.088091,0.000000,0.926166,0.542136,1.7084,2.2028,0.9863,0.9863,0,0,0,1
ISO_S05,grid,0.5,ISOTROPIC,ZERO,27,color_00031.png,1.4596,20.72,20.7403,0.4105,0,0,0,0,1.102200,0.902246,0.199954,1.211735,1.102201,0.000000,1.052153,0.416149,2.5283,2.0284,0.9690,0.9690,0,0,0,1
ISO_S05,grid,0.5,ISOTROPIC,ZERO,28,color_00032.png,179.6714,2499.14,2500.4509,0.8075,1,1,1,1,1.097472,1.660926,-0.563454,1.211735,1.097471,0.000000,0.889117,0.579185,1.5351,2.1003,0.9684,0.9684,0,0,0,1
ISO_S05,grid,0.5,ISOTROPIC,ZERO,29,color_00033.png,1.6186,8.07,8.1218,0.3294,0,0,0,0,1.105414,0.987050,0.118364,1.211735,1.105417,0.000000,1.121717,0.346585,3.2365,1.8602,1.2855,1.2855,0,0,0,1
ISO_S05,grid,0.5,ISOTROPIC,ZERO,30,color_00034.png,142.8301,1285.38,1287.4248,10617.2570,1,1,0,0,1.138023,2007.826086,-2006.688063,1.211735,1.138026,0.000000,0.918429,0.549873,1.6703,1.9609,1.0714,1.0714,1,0,0,1
ISO_S05,grid,0.5,ISOTROPIC,ZERO,31,color_00035.png,3.0300,30.75,30.7769,0.6781,0,0,0,0,1.047958,0.552855,0.495103,1.211735,1.047957,0.000000,1.080214,0.388087,2.7834,1.9511,1.0803,1.0803,0,0,0,1
ISO_S05,grid,0.5,ISOTROPIC,ZERO,32,color_00036.png,2.8689,16.28,16.3469,0.6324,0,0,0,0,1.105976,0.727166,0.378811,1.211735,1.105976,0.000000,1.216388,0.251913,4.8286,2.1338,0.8936,0.8936,0,0,0,1
ISO_S05,grid,0.5,ISOTROPIC,ZERO,33,color_00037.png,2.0898,35.71,35.7290,0.6135,0,0,0,0,1.101125,0.746483,0.354642,1.211735,1.101126,0.000000,1.036425,0.431877,2.3998,1.9252,1.0517,1.0517,0,0,0,1
ISO_S05,grid,0.5,ISOTROPIC,ZERO,34,color_00038.png,180.0000,2396.82,2398.0416,0.7913,1,1,1,1,1.052028,1.449717,-0.397689,1.211735,1.052025,0.000000,0.885361,0.582941,1.5188,2.1614,0.8201,0.8201,0,0,0,1
ISO_S05,grid,0.5,ISOTROPIC,ZERO,35,color_00039.png,1.2697,16.45,16.4651,0.4663,0,0,0,0,1.008157,0.932974,0.075183,1.211735,1.008158,0.000000,1.107744,0.360558,3.0723,2.4534,0.7521,0.7521,0,0,0,1
ISO_S05,grid,0.5,ISOTROPIC,ZERO,36,color_00040.png,1.8263,7.28,7.3851,0.5220,0,0,0,0,1.017001,0.815272,0.201729,1.211735,1.016997,0.000000,1.109572,0.358730,3.0931,2.6843,0.8936,0.8936,0,0,0,1
ISO_S05,grid,0.5,ISOTROPIC,ZERO,37,color_00041.png,2.4566,30.89,30.9224,0.5254,0,0,0,0,1.104133,0.844057,0.260075,1.211735,1.104134,0.000000,1.160317,0.307985,3.7674,2.0314,0.9539,0.9539,0,0,0,1
ISO_S05,grid,0.5,ISOTROPIC,ZERO,38,color_00042.png,157.4965,1295.89,1298.3962,8337.5854,1,1,1,0,1.020010,2032.927523,-2031.907513,1.211735,1.020013,0.000000,1.104539,0.363763,3.0364,2.2798,0.6638,0.6638,1,0,0,1
ISO_S05,grid,0.5,ISOTROPIC,ZERO,39,color_00043.png,1.5464,0.98,1.3606,0.3083,0,0,0,0,1.106241,1.057649,0.048592,1.211735,1.106244,0.000000,0.829851,0.638451,1.2998,2.2297,1.0289,1.0289,0,0,0,1
ISO_S10,grid,1,ISOTROPIC,ZERO,20,color_00024.png,178.6665,2751.14,2752.5611,1.0464,1,1,1,1,2.037172,1.852925,0.184247,2.423470,2.037171,0.000000,4.960239,0.912967,5.4331,4.2903,2.1127,2.1127,0,0,0,1
ISO_S10,grid,1,ISOTROPIC,ZERO,21,color_00025.png,180.0000,2775.23,2776.5865,0.8999,1,1,1,1,2.158325,2.183309,-0.024984,2.423470,2.158322,0.000000,4.220902,1.652304,2.5546,3.8598,2.6650,2.6650,0,0,0,1
ISO_S10,grid,1,ISOTROPIC,ZERO,22,color_00026.png,167.6721,1413.06,1415.7253,26343.4178,1,1,1,0,2.275165,1536.402163,-1534.126997,2.423470,2.275165,0.000000,3.764063,2.109143,1.7846,3.3889,2.4317,2.4317,1,0,0,0
ISO_S10,grid,1,ISOTROPIC,ZERO,23,color_00027.png,179.7794,2788.29,2789.6088,0.8585,1,1,1,1,2.219628,2.083982,0.135646,2.423470,2.219632,0.000000,3.326184,2.547022,1.3059,3.4722,2.4760,2.4760,0,0,0,0
ISO_S10,grid,1,ISOTROPIC,ZERO,24,color_00028.png,178.1897,1410.99,1413.3953,4612.5612,1,1,1,1,2.323925,1111.841431,-1109.517507,2.423470,2.323925,0.000000,4.523514,1.349693,3.3515,3.9057,2.2352,2.2352,1,0,0,1
ISO_S10,grid,1,ISOTROPIC,ZERO,25,color_00029.png,6.0843,16.94,17.1924,1.1692,0,0,0,0,2.294352,1.644069,0.650283,2.423470,2.294353,0.000000,4.432242,1.440964,3.0759,3.4601,2.3076,2.3076,0,0,0,1
ISO_S10,grid,1,ISOTROPIC,ZERO,26,color_00030.png,4.3853,24.30,24.3784,0.7437,0,0,0,0,2.176185,2.071559,0.104625,2.423470,2.176181,0.000000,3.704664,2.168543,1.7084,4.4056,1.9726,1.9726,0,0,0,1
ISO_S10,grid,1,ISOTROPIC,ZERO,27,color_00031.png,3.1443,41.25,41.2874,0.8191,0,0,0,0,2.204401,1.803031,0.401371,2.423470,2.204403,0.000000,4.208611,1.664595,2.5283,4.0568,1.9380,1.9380,0,0,0,1
ISO_S10,grid,1,ISOTROPIC,ZERO,28,color_00032.png,179.0299,2481.65,2482.9661,1.0766,1,1,1,1,2.194943,2.467301,-0.272358,2.423470,2.194942,0.000000,3.556467,2.316739,1.5351,4.2005,1.9369,1.9369,0,0,0,1
ISO_S10,grid,1,ISOTROPIC,ZERO,29,color_00033.png,3.4137,16.24,16.3277,0.6468,0,0,0,0,2.210831,1.978234,0.232598,2.423470,2.210834,0.000000,4.486867,1.386340,3.2365,3.7204,2.5710,2.5710,0,0,0,1
ISO_S10,grid,1,ISOTROPIC,ZERO,30,color_00034.png,180.0000,2636.29,2637.5356,0.9619,1,1,1,1,2.276048,2.346475,-0.070426,2.423470,2.276051,0.000000,3.673715,2.199491,1.6703,3.9219,2.1428,2.1428,0,0,0,1
ISO_S10,grid,1,ISOTROPIC,ZERO,31,color_00035.png,6.1392,61.81,61.8662,1.3638,0,0,0,0,2.095915,1.106451,0.989464,2.423470,2.095914,0.000000,4.320858,1.552349,2.7834,3.9021,2.1607,2.1607,0,0,0,1
ISO_S10,grid,1,ISOTROPIC,ZERO,32,color_00036.png,179.3811,2480.28,2481.5821,1.2667,1,1,1,1,2.211952,1.876075,0.335876,2.423470,2.211951,0.000000,4.865553,1.007654,4.8286,4.2675,1.7871,1.7871,0,0,0,1
ISO_S10,grid,1,ISOTROPIC,ZERO,33,color_00037.png,4.2969,70.46,70.4953,1.2299,0,0,0,0,2.202250,1.492331,0.709919,2.423470,2.202252,0.000000,4.145699,1.727507,2.3998,3.8505,2.1034,2.1034,0,0,0,1
ISO_S10,grid,1,ISOTROPIC,ZERO,34,color_00038.png,180.0000,2393.43,2394.6520,0.8277,1,1,1,1,2.104053,2.200741,-0.096688,2.423470,2.104050,0.000000,3.541443,2.331763,1.5188,4.3228,1.6402,1.6402,0,0,0,1
ISO_S10,grid,1,ISOTROPIC,ZERO,35,color_00039.png,180.0000,2371.44,2372.6955,1.1932,1,1,1,1,2.016315,1.712651,0.303664,2.423470,2.016316,0.000000,4.430975,1.442231,3.0723,4.9069,1.5043,1.5043,0,0,0,1
ISO_S10,grid,1,ISOTROPIC,ZERO,36,color_00040.png,177.6291,2445.64,2446.8646,1.2923,1,1,1,1,2.033997,2.254739,-0.220742,2.423470,2.033993,0.000000,4.438287,1.434919,3.0931,5.3687,1.7873,1.7873,0,0,0,1
ISO_S10,grid,1,ISOTROPIC,ZERO,37,color_00041.png,5.0531,62.29,62.3439,1.0712,0,0,0,0,2.208267,1.670030,0.538237,2.423470,2.208269,0.000000,4.641266,1.231940,3.7674,4.0629,1.9077,1.9077,0,0,0,1
ISO_S10,grid,1,ISOTROPIC,ZERO,38,color_00042.png,179.8771,2586.72,2587.9323,0.7428,1,1,1,1,2.040023,1.887195,0.152828,2.423470,2.040026,0.000000,4.418156,1.455051,3.0364,4.5595,1.3277,1.3277,0,0,0,1
ISO_S10,grid,1,ISOTROPIC,ZERO,39,color_00043.png,179.8142,2569.23,2570.4650,0.8033,1,1,1,1,2.212485,2.208770,0.003716,2.423470,2.212488,0.000000,3.319403,2.553803,1.2998,4.4595,2.0577,2.0577,0,0,0,1
ISO_S15,grid,1.5,ISOTROPIC,ZERO,20,color_00024.png,177.9722,2725.62,2727.0516,1.4877,1,1,1,1,3.055757,2.748530,0.307227,3.635205,3.055757,0.000000,11.160539,2.054175,5.4331,6.4355,3.1691,3.1691,0,0,0,1
ISO_S15,grid,1.5,ISOTROPIC,ZERO,21,color_00025.png,180.0000,2750.45,2751.8181,1.2326,1,1,1,1,3.237486,3.137287,0.100198,3.635205,3.237483,0.000000,9.497029,3.717685,2.5546,5.7897,3.9975,3.9975,0,0,0,1
ISO_S15,grid,1.5,ISOTROPIC,ZERO,22,color_00026.png,177.0363,2709.40,2710.7212,1.8759,1,1,1,1,3.412748,2.780569,0.632179,3.635205,3.412747,0.000000,8.469141,4.745573,1.7846,5.0834,3.6476,3.6476,0,0,0,0
ISO_S15,grid,1.5,ISOTROPIC,ZERO,23,color_00027.png,179.2780,2784.52,2785.8309,1.2279,1,1,1,1,3.329444,2.991932,0.337512,3.635205,3.329448,0.000000,7.483914,5.730800,1.3059,5.2083,3.7140,3.7140,0,0,0,0
ISO_S15,grid,1.5,ISOTROPIC,ZERO,24,color_00028.png,178.5225,1412.84,1415.2749,4161.7029,1,1,1,1,3.485888,1088.683302,-1085.197415,3.635205,3.485888,0.000000,10.177906,3.036808,3.3515,5.8586,3.3529,3.3529,1,0,0,1
ISO_S15,grid,1.5,ISOTROPIC,ZERO,25,color_00029.png,9.0045,29.32,29.6277,1.7362,0,0,0,0,3.441528,2.473307,0.968221,3.635205,3.441529,0.000000,9.972544,3.242170,3.0759,5.1902,3.4614,3.4614,0,0,0,1
ISO_S15,grid,1.5,ISOTROPIC,ZERO,26,color_00030.png,6.7091,38.17,38.2801,1.1396,0,0,0,0,3.264275,3.103725,0.160551,3.635205,3.264272,0.000000,8.335493,4.879221,1.7084,6.6084,2.9589,2.9589,0,0,0,1
ISO_S15,grid,1.5,ISOTROPIC,ZERO,27,color_00031.png,4.6792,61.60,61.6568,1.2260,0,0,0,0,3.306603,2.702481,0.604122,3.635205,3.306604,0.000000,9.469376,3.745338,2.5283,6.0851,2.9070,2.9070,0,0,0,1
ISO_S15,grid,1.5,ISOTROPIC,ZERO,28,color_00032.png,178.5054,2464.30,2465.6297,1.4149,1,1,1,1,3.292414,3.363616,-0.071202,3.635205,3.292413,0.000000,8.002052,5.212662,1.5351,6.3008,2.9053,2.9053,0,0,0,1
ISO_S15,grid,1.5,ISOTROPIC,ZERO,29,color_00033.png,5.0502,24.52,24.6527,0.9532,0,0,0,0,3.316248,2.973229,0.343020,3.635205,3.316251,0.000000,10.095450,3.119264,3.2365,5.5806,3.8565,3.8565,0,0,0,1
ISO_S15,grid,1.5,ISOTROPIC,ZERO,30,color_00034.png,180.0000,2673.05,2674.2806,1.3410,1,1,1,1,3.414074,3.252712,0.161361,3.635205,3.414077,0.000000,8.265858,4.948856,1.6703,5.8828,3.2141,3.2141,0,0,0,1
ISO_S15,grid,1.5,ISOTROPIC,ZERO,31,color_00035.png,9.1374,93.22,93.2951,2.0573,0,0,0,0,3.143872,1.661007,1.482865,3.635205,3.143871,0.000000,9.721930,3.492784,2.7834,5.8532,3.2410,3.2410,0,0,0,1
ISO_S15,grid,1.5,ISOTROPIC,ZERO,32,color_00036.png,179.0078,2465.17,2466.4692,1.7920,1,1,1,1,3.317927,2.414206,0.903721,3.635205,3.317927,0.000000,10.947494,2.267220,4.8286,6.4013,2.6807,2.6807,0,0,0,1
ISO_S15,grid,1.5,ISOTROPIC,ZERO,33,color_00037.png,6.3455,104.21,104.2592,1.8478,0,0,0,0,3.303376,2.237925,1.065451,3.635205,3.303377,0.000000,9.327823,3.886891,2.3998,5.7757,3.1550,3.1550,0,0,0,1
ISO_S15,grid,1.5,ISOTROPIC,ZERO,34,color_00038.png,180.0000,2390.01,2391.2354,0.8911,1,1,1,1,3.156078,3.177933,-0.021855,3.635205,3.156075,0.000000,7.968246,5.246468,1.5188,6.4843,2.4602,2.4602,0,0,0,1
ISO_S15,grid,1.5,ISOTROPIC,ZERO,35,color_00039.png,180.0000,2351.43,2352.7031,1.5703,1,1,1,1,3.024474,2.538794,0.485679,3.635205,3.024475,0.000000,9.969694,3.245020,3.0723,7.3603,2.2564,2.2564,0,0,0,1
ISO_S15,grid,1.5,ISOTROPIC,ZERO,36,color_00040.png,176.2741,2451.33,2452.5582,1.7624,1,1,1,1,3.050994,2.963744,0.087250,3.635205,3.050990,0.000000,9.986145,3.228569,3.0931,8.0530,2.6809,2.6809,0,0,0,1
ISO_S15,grid,1.5,ISOTROPIC,ZERO,37,color_00041.png,7.5398,93.89,93.9806,1.6349,0,0,0,0,3.312402,2.479615,0.832786,3.635205,3.312403,0.000000,10.442849,2.771865,3.7674,6.0943,2.8616,2.8616,0,0,0,1
ISO_S15,grid,1.5,ISOTROPIC,ZERO,38,color_00042.png,179.3937,2583.57,2584.7799,0.8166,1,1,1,1,3.060036,2.753938,0.306097,3.635205,3.060039,0.000000,9.940850,3.273864,3.0364,6.8393,1.9915,1.9915,0,0,0,1
ISO_S15,grid,1.5,ISOTROPIC,ZERO,39,color_00043.png,179.3807,2565.33,2566.5663,0.9830,1,1,1,1,3.318729,3.174182,0.144547,3.635205,3.318732,0.000000,7.468657,5.746057,1.2998,6.6892,3.0866,3.0866,0,0,0,1
D1G_S05,grid,0.5,D1_LIKE,D1_LIKE,20,color_00024.png,1.4334,19.53,19.5458,0.6828,0,0,0,0,1.019476,0.809337,0.210139,1.211735,1.019471,0.622231,1.016597,0.064532,15.7533,2.5110,0.8193,0.8193,0,0,0,1
D1G_S05,grid,0.5,D1_LIKE,D1_LIKE,21,color_00025.png,0.6837,28.66,28.6631,0.6546,0,0,0,0,1.077121,0.858388,0.218733,1.211735,1.077119,0.622231,0.878412,0.202717,4.3332,1.9566,1.0539,1.0539,0,0,0,1
D1G_S05,grid,0.5,D1_LIKE,D1_LIKE,22,color_00026.png,3.7864,20.38,20.4410,0.7270,0,0,0,0,1.057151,0.639598,0.417553,1.211735,1.057150,0.622231,0.860245,0.220885,3.8945,2.3115,0.9347,0.9347,0,0,0,0
D1G_S05,grid,0.5,D1_LIKE,D1_LIKE,23,color_00027.png,2.7461,8.99,9.0595,0.6907,0,0,0,0,1.103820,0.772388,0.331432,1.211735,1.103820,0.622231,0.842039,0.239091,3.5218,2.0048,0.9727,0.9727,0,0,0,0
D1G_S05,grid,0.5,D1_LIKE,D1_LIKE,24,color_00028.png,0.6673,8.79,8.8170,0.6690,0,0,0,0,1.125858,0.894863,0.230996,1.211735,1.125857,0.622231,0.855016,0.226114,3.7813,1.8929,1.2388,1.2388,0,0,0,1
D1G_S05,grid,0.5,D1_LIKE,D1_LIKE,25,color_00029.png,2.2902,4.98,5.1373,0.7580,0,0,0,0,1.100284,0.766620,0.333664,1.211735,1.100285,0.622231,0.636330,0.444799,1.4306,2.2606,0.9563,0.9563,0,0,0,1
D1G_S05,grid,0.5,D1_LIKE,D1_LIKE,26,color_00030.png,2.0656,5.65,5.7434,0.6540,0,0,0,0,0.986833,0.833065,0.153767,1.211735,0.986829,0.622231,0.919462,0.161668,5.6874,2.8389,0.7818,0.7818,0,0,0,1
D1G_S05,grid,0.5,D1_LIKE,D1_LIKE,27,color_00031.png,1.5072,17.76,17.7825,0.6668,0,0,0,0,0.941697,0.758895,0.182802,1.211735,0.941699,0.622231,0.970578,0.110552,8.7794,2.5099,1.0086,1.0086,0,0,0,1
D1G_S05,grid,0.5,D1_LIKE,D1_LIKE,28,color_00032.png,0.3822,23.31,23.3165,0.6428,0,0,0,0,0.995604,0.782661,0.212943,1.211735,0.995603,0.622231,0.767232,0.313898,2.4442,2.3155,0.6141,0.6141,0,0,0,1
D1G_S05,grid,0.5,D1_LIKE,D1_LIKE,29,color_00033.png,1.3591,6.04,6.0990,0.6614,0,0,0,0,0.941054,0.830938,0.110116,1.211735,0.941057,0.622231,0.994591,0.086538,11.4931,2.3642,0.6416,0.6416,0,0,0,1
D1G_S05,grid,0.5,D1_LIKE,D1_LIKE,30,color_00034.png,180.0000,2596.45,2597.7112,0.9432,1,1,1,1,1.028742,1.380956,-0.352214,1.211735,1.028745,0.622231,0.830284,0.250846,3.3099,2.4202,0.8378,0.8378,0,0,0,1
D1G_S05,grid,0.5,D1_LIKE,D1_LIKE,31,color_00035.png,2.8581,29.55,29.5787,0.7830,0,0,0,0,1.128521,0.427421,0.701100,1.211735,1.128516,0.622231,0.685495,0.395635,1.7326,2.1884,1.0903,1.0903,0,0,0,1
D1G_S05,grid,0.5,D1_LIKE,D1_LIKE,32,color_00036.png,2.0978,15.90,15.9405,0.7600,0,0,0,0,1.136259,0.668891,0.467368,1.211735,1.136255,0.622231,0.622253,0.458877,1.3560,2.0152,1.1674,1.1674,0,0,0,1
D1G_S05,grid,0.5,D1_LIKE,D1_LIKE,33,color_00037.png,2.0133,30.32,30.3357,0.7322,0,0,0,0,0.992382,0.605416,0.386966,1.211735,0.992385,0.622231,0.948338,0.132792,7.1415,2.4804,0.7614,0.7614,0,0,0,1
D1G_S05,grid,0.5,D1_LIKE,D1_LIKE,34,color_00038.png,0.0000,2.97,2.9791,0.6254,0,0,0,0,1.135172,0.936842,0.198330,1.211735,1.135170,0.622231,0.758988,0.322141,2.3561,1.8455,1.0313,1.0313,0,0,0,1
D1G_S05,grid,0.5,D1_LIKE,D1_LIKE,35,color_00039.png,0.9801,20.32,20.3323,0.6502,0,0,0,0,1.019250,0.707514,0.311737,1.211735,1.019253,0.622231,0.988273,0.092857,10.6430,2.3231,0.9849,0.9849,0,0,0,1
D1G_S05,grid,0.5,D1_LIKE,D1_LIKE,36,color_00040.png,1.5135,13.79,13.8286,0.7395,0,0,0,0,1.092682,0.755008,0.337674,1.211735,1.092681,0.622231,0.634017,0.447113,1.4180,1.7325,1.1367,1.1367,0,0,0,1
D1G_S05,grid,0.5,D1_LIKE,D1_LIKE,37,color_00041.png,2.0895,24.70,24.7340,0.7227,0,0,0,0,1.086948,0.695465,0.391484,1.211735,1.086948,0.622231,0.985715,0.095414,10.3309,1.9488,0.8884,0.8884,0,0,0,1
D1G_S05,grid,0.5,D1_LIKE,D1_LIKE,38,color_00042.png,0.0000,1.39,1.4130,0.6327,0,0,0,0,0.990097,0.830305,0.159792,1.211735,0.990100,0.622231,0.905779,0.175350,5.1655,2.8411,0.7649,0.7649,0,0,0,1
D1G_S05,grid,0.5,D1_LIKE,D1_LIKE,39,color_00043.png,1.1058,9.58,9.5994,0.6139,0,0,0,0,1.042298,0.888139,0.154159,1.211735,1.042299,0.622231,0.880092,0.201037,4.3778,2.4412,1.0703,1.0703,0,0,0,1
D1G_S10,grid,1,D1_LIKE,D1_LIKE,20,color_00024.png,163.8715,1415.67,1417.6520,9734.6770,1,1,1,0,2.038948,2162.496376,-2160.457428,2.423470,2.038943,1.244463,4.066389,0.258130,15.7533,5.0220,1.6386,1.6386,1,0,0,1
D1G_S10,grid,1,D1_LIKE,D1_LIKE,21,color_00025.png,1.8750,56.56,56.5621,1.3090,0,0,0,0,2.154239,1.719113,0.435126,2.423470,2.154237,1.244463,3.513649,0.810870,4.3332,3.9131,2.1078,2.1078,0,0,0,1
D1G_S10,grid,1,D1_LIKE,D1_LIKE,22,color_00026.png,7.7295,43.18,43.2892,1.4692,0,0,0,0,2.114301,1.262361,0.851940,2.423470,2.114300,1.244463,3.440979,0.883540,3.8945,4.6231,1.8695,1.8695,0,0,0,0
D1G_S10,grid,1,D1_LIKE,D1_LIKE,23,color_00027.png,180.0000,2806.65,2807.9553,1.5044,1,1,1,1,2.207640,1.753347,0.454293,2.423470,2.207641,1.244463,3.368156,0.956363,3.5218,4.0096,1.9454,1.9454,0,0,0,0
D1G_S10,grid,1,D1_LIKE,D1_LIKE,24,color_00028.png,178.7416,1412.54,1414.9758,6110.6609,1,1,1,1,2.251715,1090.052569,-1087.800854,2.423470,2.251714,1.244463,3.420063,0.904456,3.7813,3.7859,2.4776,2.4776,1,0,0,1
D1G_S10,grid,1,D1_LIKE,D1_LIKE,25,color_00029.png,4.7273,11.71,11.9526,1.5102,0,0,0,0,2.200569,1.535286,0.665283,2.423470,2.200569,1.244463,2.545322,1.779197,1.4306,4.5213,1.9125,1.9125,0,0,0,1
D1G_S10,grid,1,D1_LIKE,D1_LIKE,26,color_00030.png,4.3906,12.35,12.5305,1.3121,0,0,0,0,1.973661,1.663608,0.310054,2.423470,1.973657,1.244463,3.677848,0.646670,5.6874,5.6777,1.5635,1.5635,0,0,0,1
D1G_S10,grid,1,D1_LIKE,D1_LIKE,27,color_00031.png,3.2365,35.53,35.5689,1.3339,0,0,0,0,1.883396,1.516355,0.367042,2.423470,1.883398,1.244463,3.882312,0.442206,8.7794,5.0198,2.0172,2.0172,0,0,0,1
D1G_S10,grid,1,D1_LIKE,D1_LIKE,28,color_00032.png,178.9628,2474.81,2476.1304,1.5903,1,1,1,1,1.991206,2.138967,-0.147761,2.423470,1.991205,1.244463,3.068927,1.255592,2.4442,4.6309,1.2282,1.2282,0,0,0,1
D1G_S10,grid,1,D1_LIKE,D1_LIKE,29,color_00033.png,2.9972,12.26,12.3658,1.3212,0,0,0,0,1.882110,1.663100,0.219010,2.423470,1.882113,1.244463,3.978366,0.346153,11.4931,4.7284,1.2831,1.2831,0,0,0,1
D1G_S10,grid,1,D1_LIKE,D1_LIKE,30,color_00034.png,180.0000,2625.89,2627.1393,1.5587,1,1,1,1,2.057487,1.984012,0.073475,2.423470,2.057489,1.244463,3.321134,1.003384,3.3099,4.8404,1.6756,1.6756,0,0,0,1
D1G_S10,grid,1,D1_LIKE,D1_LIKE,31,color_00035.png,5.8241,59.38,59.4255,1.5703,0,0,0,0,2.257037,0.850899,1.406138,2.423470,2.257032,1.244463,2.741979,1.582539,1.7326,4.3769,2.1807,2.1807,0,0,0,1
D1G_S10,grid,1,D1_LIKE,D1_LIKE,32,color_00036.png,179.2253,2480.44,2481.7565,1.6175,1,1,1,1,2.272514,1.774357,0.498157,2.423470,2.272509,1.244463,2.489010,1.835508,1.3560,4.0304,2.3348,2.3348,0,0,0,1
D1G_S10,grid,1,D1_LIKE,D1_LIKE,33,color_00037.png,4.1497,60.07,60.1086,1.4655,0,0,0,0,1.984766,1.212029,0.772737,2.423470,1.984770,1.244463,3.793352,0.531167,7.1415,4.9608,1.5227,1.5227,0,0,0,1
D1G_S10,grid,1,D1_LIKE,D1_LIKE,34,color_00038.png,180.0000,2399.26,2400.4867,1.4443,1,1,1,1,2.270342,1.790143,0.480199,2.423470,2.270340,1.244463,3.035954,1.288565,2.3561,3.6909,2.0627,2.0627,0,0,0,1
D1G_S10,grid,1,D1_LIKE,D1_LIKE,35,color_00039.png,180.0000,2365.39,2366.6456,1.7480,1,1,1,1,2.038503,1.319094,0.719409,2.423470,2.038506,1.244463,3.953092,0.371427,10.6430,4.6462,1.9697,1.9697,0,0,0,1
D1G_S10,grid,1,D1_LIKE,D1_LIKE,36,color_00040.png,178.2198,2460.51,2461.7309,1.7250,1,1,1,1,2.185363,2.209999,-0.024636,2.423470,2.185361,1.244463,2.536067,1.788451,1.4180,3.4651,2.2735,2.2735,0,0,0,1
D1G_S10,grid,1,D1_LIKE,D1_LIKE,37,color_00041.png,4.3631,49.93,49.9905,1.4538,0,0,0,0,2.173897,1.377593,0.796304,2.423470,2.173896,1.244463,3.942862,0.381657,10.3309,3.8975,1.7768,1.7768,0,0,0,1
D1G_S10,grid,1,D1_LIKE,D1_LIKE,38,color_00042.png,151.2064,1321.65,1323.9492,4246.2512,1,1,1,0,1.980197,1133.515245,-1131.535049,2.423470,1.980200,1.244463,3.623117,0.701402,5.1655,5.6822,1.5298,1.5298,1,0,0,1
D1G_S10,grid,1,D1_LIKE,D1_LIKE,39,color_00043.png,180.0000,2553.75,2554.9910,1.4958,1,1,1,1,2.084598,1.929963,0.154635,2.423470,2.084599,1.244463,3.520369,0.804150,4.3778,4.8824,2.1406,2.1406,0,0,0,1
D1G_S15,grid,1.5,D1_LIKE,D1_LIKE,20,color_00024.png,179.5754,1415.19,1417.9843,6416.9118,1,1,1,1,3.058419,1538.424217,-1535.365798,3.635205,3.058414,1.866694,9.149374,0.580792,15.7533,7.5330,2.4580,2.4580,1,0,0,1
D1G_S15,grid,1.5,D1_LIKE,D1_LIKE,21,color_00025.png,180.0000,2744.03,2745.3885,1.9731,1,1,1,1,3.231358,2.587529,0.643829,3.635205,3.231356,1.866694,7.905710,1.824457,4.3332,5.8697,3.1617,3.1617,0,0,0,1
D1G_S15,grid,1.5,D1_LIKE,D1_LIKE,22,color_00026.png,11.6066,68.15,68.3072,2.2229,0,0,0,0,3.171451,1.883214,1.288237,3.635205,3.171450,1.866694,7.742202,1.987964,3.8945,6.9346,2.8042,2.8042,0,0,0,0
D1G_S15,grid,1.5,D1_LIKE,D1_LIKE,23,color_00027.png,179.5752,2812.18,2813.4757,2.1998,1,1,1,1,3.311461,2.487168,0.824293,3.635205,3.311461,1.866694,7.578351,2.151816,3.5218,6.0145,2.9181,2.9181,0,0,0,0
D1G_S15,grid,1.5,D1_LIKE,D1_LIKE,24,color_00028.png,179.1541,1412.75,1415.1724,3776.8181,1,1,1,1,3.377572,1080.594552,-1077.216980,3.635205,3.377571,1.866694,7.695141,2.035025,3.7813,5.6788,3.7164,3.7164,1,0,0,1
D1G_S15,grid,1.5,D1_LIKE,D1_LIKE,25,color_00029.png,7.0459,20.25,20.5409,2.2563,0,0,0,0,3.300853,2.306252,0.994601,3.635205,3.300854,1.866694,5.726974,4.003193,1.4306,6.7819,2.8688,2.8688,0,0,0,1
D1G_S15,grid,1.5,D1_LIKE,D1_LIKE,26,color_00030.png,6.6832,20.18,20.4251,1.9743,0,0,0,0,2.960490,2.491645,0.468844,3.635205,2.960486,1.866694,8.275159,1.455008,5.6874,8.5166,2.3453,2.3453,0,0,0,1
D1G_S15,grid,1.5,D1_LIKE,D1_LIKE,27,color_00031.png,4.8218,53.30,53.3651,2.0014,0,0,0,0,2.825095,2.272506,0.552589,3.635205,2.825097,1.866694,8.735203,0.994964,8.7794,7.5296,3.0257,3.0257,0,0,0,1
D1G_S15,grid,1.5,D1_LIKE,D1_LIKE,28,color_00032.png,178.4137,2454.33,2455.6694,2.2137,1,1,1,1,2.986809,2.841578,0.145231,3.635205,2.986808,1.866694,6.905086,2.825081,2.4442,6.9464,1.8423,1.8423,0,0,0,1
D1G_S15,grid,1.5,D1_LIKE,D1_LIKE,29,color_00033.png,4.5084,18.70,18.8504,1.9795,0,0,0,0,2.823167,2.496516,0.326651,3.635205,2.823170,1.866694,8.951323,0.778843,11.4931,7.0926,1.9247,1.9247,0,0,0,1
D1G_S15,grid,1.5,D1_LIKE,D1_LIKE,30,color_00034.png,180.0000,2656.65,2657.8906,2.2178,1,1,1,1,3.086232,2.672692,0.413540,3.635205,3.086234,1.866694,7.472552,2.257615,3.3099,7.2605,2.5135,2.5135,0,0,0,1
D1G_S15,grid,1.5,D1_LIKE,D1_LIKE,31,color_00035.png,8.6828,89.45,89.5241,2.3614,0,0,0,0,3.385553,1.271770,2.113783,3.635205,3.385548,1.866694,6.169454,3.560713,1.7326,6.5653,3.2710,3.2710,0,0,0,1
D1G_S15,grid,1.5,D1_LIKE,D1_LIKE,32,color_00036.png,178.7874,2465.73,2467.0456,2.3313,1,1,1,1,3.408769,2.280530,1.128239,3.635205,3.408764,1.866694,5.600273,4.129894,1.3560,6.0456,3.5022,3.5022,0,0,0,1
D1G_S15,grid,1.5,D1_LIKE,D1_LIKE,33,color_00037.png,6.1278,89.23,89.2830,2.1993,0,0,0,0,2.977151,1.819975,1.157176,3.635205,2.977155,1.866694,8.535041,1.195125,7.1415,7.4412,2.2841,2.2841,0,0,0,1
D1G_S15,grid,1.5,D1_LIKE,D1_LIKE,34,color_00038.png,180.0000,2398.76,2399.9829,1.9902,1,1,1,1,3.405512,2.603651,0.801860,3.635205,3.405509,1.866694,6.830896,2.899270,2.3561,5.5364,3.0940,3.0940,0,0,0,1
D1G_S15,grid,1.5,D1_LIKE,D1_LIKE,35,color_00039.png,180.0000,2342.92,2344.1969,2.3996,1,1,1,1,3.057756,1.885465,1.172291,3.635205,3.057758,1.866694,8.894457,0.835710,10.6430,6.9692,2.9546,2.9546,0,0,0,1
D1G_S15,grid,1.5,D1_LIKE,D1_LIKE,36,color_00040.png,177.1349,2474.52,2475.7362,2.4143,1,1,1,1,3.278043,2.842854,0.435190,3.635205,3.278042,1.866694,5.706151,4.024015,1.4180,5.1976,3.4102,3.4102,0,0,0,1
D1G_S15,grid,1.5,D1_LIKE,D1_LIKE,37,color_00041.png,6.5413,75.56,75.6431,2.1928,0,0,0,0,3.260845,2.047179,1.213666,3.635205,3.260845,1.866694,8.871439,0.858728,10.3309,5.8463,2.6652,2.6652,0,0,0,1
D1G_S15,grid,1.5,D1_LIKE,D1_LIKE,38,color_00042.png,179.2510,2585.54,2586.7540,2.0232,1,1,1,1,2.970297,2.181639,0.788658,3.635205,2.970300,1.866694,8.152013,1.578154,5.1655,8.5233,2.2947,2.2947,0,0,0,1
D1G_S15,grid,1.5,D1_LIKE,D1_LIKE,39,color_00043.png,180.0000,2542.94,2544.1928,2.0650,1,1,1,1,3.126897,2.714952,0.411945,3.635205,3.126898,1.866694,7.920829,1.809337,4.3778,7.3236,3.2109,3.2109,0,0,0,1
ISO_S10_SH,mechanism,1,ISOTROPIC,D1_LIKE,20,color_00024.png,178.8815,2757.87,2759.2847,1.3462,1,1,1,1,2.088479,1.608107,0.480372,2.423470,2.088475,1.244463,3.652289,0.672229,5.4331,4.6447,1.7103,1.7103,0,0,0,1
ISO_S10_SH,mechanism,1,ISOTROPIC,D1_LIKE,21,color_00025.png,1.4925,46.57,46.5728,1.2862,0,0,0,0,2.177147,1.721915,0.455232,2.423470,2.177143,1.244463,3.107905,1.216613,2.5546,3.9507,1.9249,1.9249,0,0,0,1
ISO_S10_SH,mechanism,1,ISOTROPIC,D1_LIKE,22,color_00026.png,6.5366,53.58,53.6402,1.4000,0,0,0,0,2.168417,1.425285,0.743132,2.423470,2.168417,1.244463,2.771529,1.552990,1.7846,4.0784,2.0319,2.0319,0,0,0,0
ISO_S10_SH,mechanism,1,ISOTROPIC,D1_LIKE,23,color_00027.png,180.0000,2788.11,2789.4281,1.3664,1,1,1,1,2.266136,1.826447,0.439689,2.423470,2.266137,1.244463,2.449113,1.875406,1.3059,3.5213,2.3563,2.3563,0,0,0,0
ISO_S10_SH,mechanism,1,ISOTROPIC,D1_LIKE,24,color_00028.png,170.9685,1387.56,1390.2577,6727.7068,1,1,1,1,2.334042,1537.278319,-1534.944277,2.423470,2.334041,1.244463,3.330722,0.993796,3.3515,3.1497,2.5395,2.5395,1,0,0,1
ISO_S10_SH,mechanism,1,ISOTROPIC,D1_LIKE,25,color_00029.png,5.1656,14.36,14.5872,1.6314,0,0,0,0,2.295566,1.409478,0.886088,2.423470,2.295565,1.244463,3.263518,1.061001,3.0759,3.8938,2.0252,2.0252,0,0,0,1
ISO_S10_SH,mechanism,1,ISOTROPIC,D1_LIKE,26,color_00030.png,3.8590,20.93,21.0063,1.2986,0,0,0,0,2.157964,1.777271,0.380694,2.423470,2.157961,1.244463,2.727792,1.596726,1.7084,5.0202,1.8332,1.8332,0,0,0,1
ISO_S10_SH,mechanism,1,ISOTROPIC,D1_LIKE,27,color_00031.png,2.8065,35.81,35.8499,1.3675,0,0,0,0,1.995600,1.546915,0.448684,2.423470,1.995600,1.244463,3.098856,1.225663,2.5283,4.6911,1.8601,1.8601,0,0,0,1
ISO_S10_SH,mechanism,1,ISOTROPIC,D1_LIKE,28,color_00032.png,179.1984,2486.38,2487.7015,1.5166,1,1,1,1,1.986341,2.227210,-0.240869,2.423470,1.986341,1.244463,2.618673,1.705845,1.5351,4.1740,1.8036,1.8036,0,0,0,1
ISO_S10_SH,mechanism,1,ISOTROPIC,D1_LIKE,29,color_00033.png,3.0228,14.34,14.4381,1.3568,0,0,0,0,1.947339,1.694855,0.252485,2.423470,1.947344,1.244463,3.303738,1.020780,3.2365,4.4252,1.5699,1.5699,0,0,0,1
ISO_S10_SH,mechanism,1,ISOTROPIC,D1_LIKE,30,color_00034.png,180.0000,2625.93,2627.1823,1.5424,1,1,1,1,2.084959,2.102319,-0.017360,2.423470,2.084961,1.244463,2.705004,1.619514,1.6703,4.3876,1.9456,1.9456,0,0,0,1
ISO_S10_SH,mechanism,1,ISOTROPIC,D1_LIKE,31,color_00035.png,5.3639,53.56,53.6055,1.6008,0,0,0,0,2.293403,0.947924,1.345479,2.423470,2.293399,1.244463,3.181504,1.143015,2.7834,3.4582,2.2421,2.2421,0,0,0,1
ISO_S10_SH,mechanism,1,ISOTROPIC,D1_LIKE,32,color_00036.png,179.5053,2484.14,2485.4505,1.6582,1,1,1,1,2.208008,1.731625,0.476382,2.423470,2.208003,1.244463,3.582570,0.741948,4.8286,4.1961,2.1694,2.1694,0,0,0,1
ISO_S10_SH,mechanism,1,ISOTROPIC,D1_LIKE,33,color_00037.png,3.8062,61.05,61.0824,1.4480,0,0,0,0,1.984007,1.278033,0.705975,2.423470,1.984011,1.244463,3.052532,1.271986,2.3998,4.4975,1.6119,1.6119,0,0,0,1
ISO_S10_SH,mechanism,1,ISOTROPIC,D1_LIKE,34,color_00038.png,180.0000,2394.17,2395.3908,1.4565,1,1,1,1,2.246522,1.950543,0.295979,2.423470,2.246520,1.244463,2.607611,1.716908,1.5188,4.1885,2.0198,2.0198,0,0,0,1
ISO_S10_SH,mechanism,1,ISOTROPIC,D1_LIKE,35,color_00039.png,180.0000,2376.83,2378.0770,1.6594,1,1,1,1,2.110699,1.514614,0.596085,2.423470,2.110701,1.244463,3.262585,1.061934,3.0723,4.3238,2.1658,2.1658,0,0,0,1
ISO_S10_SH,mechanism,1,ISOTROPIC,D1_LIKE,36,color_00040.png,178.0026,2443.50,2444.7199,1.7920,1,1,1,1,2.158769,2.059064,0.099705,2.423470,2.158768,1.244463,3.267969,1.056550,3.0931,4.4713,2.1529,2.1529,0,0,0,1
ISO_S10_SH,mechanism,1,ISOTROPIC,D1_LIKE,37,color_00041.png,4.4415,53.83,53.8887,1.4469,0,0,0,0,2.235259,1.439549,0.795710,2.423470,2.235259,1.244463,3.417425,0.907094,3.7674,3.6658,1.7829,1.7829,0,0,0,1
ISO_S10_SH,mechanism,1,ISOTROPIC,D1_LIKE,38,color_00042.png,180.0000,2587.34,2588.5466,1.4541,1,1,1,1,2.122076,1.679518,0.442558,2.423470,2.122080,1.244463,3.253146,1.071373,3.0364,5.0412,1.7161,1.7161,0,0,0,1
ISO_S10_SH,mechanism,1,ISOTROPIC,D1_LIKE,39,color_00043.png,180.0000,2569.88,2571.1116,1.4530,1,1,1,1,2.038781,1.943496,0.095285,2.423470,2.038782,1.244463,2.444120,1.880399,1.2998,4.8176,1.9937,1.9937,0,0,0,1
D1G_S10_NS,mechanism,1,D1_LIKE,ZERO,20,color_00024.png,173.0786,1415.30,1418.0887,6369.2643,1,1,1,1,1.948456,1540.468349,-1538.519893,2.423470,1.948454,0.000000,5.522635,0.350571,15.7533,4.4047,1.5294,1.5294,1,0,0,1
D1G_S10_NS,mechanism,1,D1_LIKE,ZERO,21,color_00025.png,2.0655,64.86,64.8674,0.7943,0,0,0,0,2.172710,2.002471,0.170239,2.423470,2.172708,0.000000,4.771950,1.101257,4.3332,3.9689,2.0329,2.0329,0,0,0,1
D1G_S10_NS,mechanism,1,D1_LIKE,ZERO,22,color_00026.png,8.8850,50.31,50.4299,1.3363,0,0,0,0,2.240706,1.469110,0.771595,2.423470,2.240705,0.000000,4.673255,1.199951,3.8945,3.9611,2.2407,2.2407,0,0,0,0
D1G_S10_NS,mechanism,1,D1_LIKE,ZERO,23,color_00027.png,180.0000,2809.72,2811.0274,1.0494,1,1,1,1,2.162733,1.998745,0.163988,2.423470,2.162736,0.000000,4.574353,1.298853,3.5218,3.3745,2.4362,2.4362,0,0,0,0
D1G_S10_NS,mechanism,1,D1_LIKE,ZERO,24,color_00028.png,177.3350,1412.49,1414.9353,25447.0436,1,1,1,1,2.260627,1088.250813,-1085.990186,2.423470,2.260627,0.000000,4.644849,1.228358,3.7813,4.3032,1.9536,1.9536,1,0,0,1
D1G_S10_NS,mechanism,1,D1_LIKE,ZERO,25,color_00029.png,5.6069,13.75,13.9980,1.0153,0,0,0,0,2.249594,1.790158,0.459436,2.423470,2.249596,0.000000,3.456847,2.416359,1.4306,3.9838,2.0151,2.0151,0,0,0,1
D1G_S10_NS,mechanism,1,D1_LIKE,ZERO,26,color_00030.png,4.9995,14.24,14.4117,0.8093,0,0,0,0,2.049641,1.938743,0.110898,2.423470,2.049637,0.000000,4.994952,0.878254,5.6874,5.1671,1.7280,1.7280,0,0,0,1
D1G_S10_NS,mechanism,1,D1_LIKE,ZERO,27,color_00031.png,3.6247,40.97,41.0132,0.8004,0,0,0,0,2.158493,1.767330,0.391163,2.423470,2.158494,0.000000,5.272638,0.600568,8.7794,4.4088,1.6950,1.6950,0,0,0,1
D1G_S10_NS,mechanism,1,D1_LIKE,ZERO,28,color_00032.png,178.7675,2468.24,2469.5704,1.2122,1,1,1,1,2.236820,2.365693,-0.128873,2.423470,2.236819,0.000000,4.167965,1.705241,2.4442,3.9502,2.0243,2.0243,0,0,0,1
D1G_S10_NS,mechanism,1,D1_LIKE,ZERO,29,color_00033.png,3.3696,13.80,13.9020,0.6445,0,0,0,0,2.178639,1.940467,0.238172,2.423470,2.178641,0.000000,5.403090,0.470116,11.4931,4.0661,1.5292,1.5292,0,0,0,1
D1G_S10_NS,mechanism,1,D1_LIKE,ZERO,30,color_00034.png,180.0000,2636.23,2637.4762,0.9810,1,1,1,1,2.208978,2.204576,0.004402,2.423470,2.208981,0.000000,4.510492,1.362714,3.3099,4.2922,2.0968,2.0968,0,0,0,1
D1G_S10_NS,mechanism,1,D1_LIKE,ZERO,31,color_00035.png,6.6469,68.61,68.6671,1.3771,0,0,0,0,2.105376,0.991039,1.114337,2.423470,2.105375,0.000000,3.723932,2.149275,1.7326,3.6544,1.8190,1.8190,0,0,0,1
D1G_S10_NS,mechanism,1,D1_LIKE,ZERO,32,color_00036.png,179.0745,2476.03,2477.3430,1.2227,1,1,1,1,2.244894,1.932567,0.312326,2.423470,2.244893,0.000000,3.380369,2.492837,1.3560,3.8303,2.3408,2.3408,0,0,0,1
D1G_S10_NS,mechanism,1,D1_LIKE,ZERO,33,color_00037.png,4.6843,69.37,69.4102,1.2611,0,0,0,0,2.176022,1.416184,0.759838,2.423470,2.176023,0.000000,5.151819,0.721387,7.1415,4.3530,2.3123,2.3123,0,0,0,1
D1G_S10_NS,mechanism,1,D1_LIKE,ZERO,34,color_00038.png,180.0000,2399.36,2400.5839,0.8031,1,1,1,1,2.130355,2.047390,0.082965,2.423470,2.130352,0.000000,4.123183,1.750023,2.3561,3.9954,1.8859,1.8859,0,0,0,1
D1G_S10_NS,mechanism,1,D1_LIKE,ZERO,35,color_00039.png,180.0000,2358.25,2359.5105,1.3423,1,1,1,1,1.896303,1.478743,0.417560,2.423470,1.896305,0.000000,5.368765,0.504441,10.6430,5.1941,1.2192,1.2192,0,0,0,1
D1G_S10_NS,mechanism,1,D1_LIKE,ZERO,36,color_00040.png,177.8730,2465.57,2466.7896,1.2501,1,1,1,1,2.160371,2.414149,-0.253778,2.423470,2.160366,0.000000,3.444279,2.428928,1.4180,4.3944,2.0440,2.0440,0,0,0,1
D1G_S10_NS,mechanism,1,D1_LIKE,ZERO,37,color_00041.png,4.9616,57.81,57.8728,1.0618,0,0,0,0,2.128537,1.597065,0.531472,2.423470,2.128539,0.000000,5.354871,0.518335,10.3309,4.0388,2.1662,2.1662,0,0,0,1
D1G_S10_NS,mechanism,1,D1_LIKE,ZERO,38,color_00042.png,179.5327,2587.52,2588.7309,0.7237,1,1,1,1,1.907793,1.717812,0.189981,2.423470,1.907796,0.000000,4.920620,0.952586,5.1655,5.2114,1.2383,1.2383,0,0,0,1
D1G_S10_NS,mechanism,1,D1_LIKE,ZERO,39,color_00043.png,180.0000,2550.54,2551.7865,0.9057,1,1,1,1,2.235994,2.185212,0.050782,2.423470,2.235996,0.000000,4.781076,1.092130,4.3778,4.3461,2.1391,2.1391,0,0,0,1
