dataset,image_id,method,keypoint_id,error_px
linemod,20,D0,0,0.8105
linemod,20,D0,1,0.9100
linemod,20,D0,2,0.6395
linemod,20,D0,3,1.3905
linemod,20,D0,4,1.2349
linemod,20,D0,5,0.4485
linemod,20,D0,6,0.8447
linemod,20,D0,7,1.3291
linemod,20,D0,8,0.9454
linemod,20,D1,0,1.2708
linemod,20,D1,1,0.9928
linemod,20,D1,2,0.9347
linemod,20,D1,3,1.9834
linemod,20,D1,4,2.3204
linemod,20,D1,5,1.3148
linemod,20,D1,6,1.1881
linemod,20,D1,7,1.6227
linemod,20,D1,8,1.5276
linemod,21,D0,0,0.2971
linemod,21,D0,1,0.8566
linemod,21,D0,2,0.1885
linemod,21,D0,3,0.9933
linemod,21,D0,4,0.8663
linemod,21,D0,5,0.4402
linemod,21,D0,6,0.8075
linemod,21,D0,7,0.7349
linemod,21,D0,8,0.4762
linemod,21,D1,0,0.7139
linemod,21,D1,1,0.8514
linemod,21,D1,2,0.7494
linemod,21,D1,3,0.9303
linemod,21,D1,4,0.2068
linemod,21,D1,5,1.3495
linemod,21,D1,6,1.0644
linemod,21,D1,7,0.4408
linemod,21,D1,8,0.1416
linemod,22,D0,0,0.8699
linemod,22,D0,1,1.0988
linemod,22,D0,2,0.3484
linemod,22,D0,3,1.0642
linemod,22,D0,4,0.3541
linemod,22,D0,5,1.4062
linemod,22,D0,6,1.2080
linemod,22,D0,7,0.0919
linemod,22,D0,8,0.7408
linemod,22,D1,0,1.5187
linemod,22,D1,1,1.1574
linemod,22,D1,2,0.9420
linemod,22,D1,3,1.4030
linemod,22,D1,4,1.0743
linemod,22,D1,5,2.1482
linemod,22,D1,6,1.4633
linemod,22,D1,7,0.2780
linemod,22,D1,8,1.0057
linemod,23,D0,0,0.1732
linemod,23,D0,1,1.2831
linemod,23,D0,2,1.3916
linemod,23,D0,3,0.5982
linemod,23,D0,4,1.2295
linemod,23,D0,5,1.5629
linemod,23,D0,6,1.3085
linemod,23,D0,7,1.6078
linemod,23,D0,8,0.9731
linemod,23,D1,0,0.7392
linemod,23,D1,1,1.4238
linemod,23,D1,2,0.6758
linemod,23,D1,3,1.0486
linemod,23,D1,4,1.3738
linemod,23,D1,5,2.2498
linemod,23,D1,6,1.5057
linemod,23,D1,7,1.3122
linemod,23,D1,8,1.2361
linemod,24,D0,0,1.0878
linemod,24,D0,1,0.6046
linemod,24,D0,2,0.8107
linemod,24,D0,3,2.1280
linemod,24,D0,4,0.9834
linemod,24,D0,5,2.7833
linemod,24,D0,6,2.0530
linemod,24,D0,7,0.8501
linemod,24,D0,8,1.0783
linemod,24,D1,0,1.6649
linemod,24,D1,1,0.4752
linemod,24,D1,2,1.1686
linemod,24,D1,3,2.1274
linemod,24,D1,4,0.6212
linemod,24,D1,5,3.0748
linemod,24,D1,6,2.1625
linemod,24,D1,7,0.6049
linemod,24,D1,8,1.3962
linemod,25,D0,0,0.7873
linemod,25,D0,1,1.5214
linemod,25,D0,2,0.6494
linemod,25,D0,3,0.4379
linemod,25,D0,4,1.0532
linemod,25,D0,5,0.6113
linemod,25,D0,6,0.7308
linemod,25,D0,7,1.2875
linemod,25,D0,8,0.3218
linemod,25,D1,0,1.5459
linemod,25,D1,1,1.5658
linemod,25,D1,2,0.9231
linemod,25,D1,3,0.7087
linemod,25,D1,4,0.8967
linemod,25,D1,5,0.9655
linemod,25,D1,6,0.7439
linemod,25,D1,7,0.9947
linemod,25,D1,8,0.5282
linemod,26,D0,0,0.9094
linemod,26,D0,1,0.9871
linemod,26,D0,2,1.3396
linemod,26,D0,3,0.7126
linemod,26,D0,4,0.2693
linemod,26,D0,5,0.4502
linemod,26,D0,6,0.3190
linemod,26,D0,7,0.3310
linemod,26,D0,8,0.1259
linemod,26,D1,0,0.6790
linemod,26,D1,1,0.8975
linemod,26,D1,2,0.5072
linemod,26,D1,3,1.1371
linemod,26,D1,4,1.0636
linemod,26,D1,5,0.5922
linemod,26,D1,6,0.2751
linemod,26,D1,7,0.0416
linemod,26,D1,8,0.5790
linemod,27,D0,0,0.6692
linemod,27,D0,1,1.2779
linemod,27,D0,2,1.5365
linemod,27,D0,3,1.7839
linemod,27,D0,4,0.4716
linemod,27,D0,5,1.7491
linemod,27,D0,6,1.9546
linemod,27,D0,7,0.6829
linemod,27,D0,8,1.2010
linemod,27,D1,0,1.2970
linemod,27,D1,1,1.3299
linemod,27,D1,2,1.1491
linemod,27,D1,3,2.4129
linemod,27,D1,4,1.2931
linemod,27,D1,5,2.3935
linemod,27,D1,6,2.0592
linemod,27,D1,7,0.4094
linemod,27,D1,8,1.3523
linemod,28,D0,0,0.8221
linemod,28,D0,1,0.9532
linemod,28,D0,2,0.8539
linemod,28,D0,3,0.8526
linemod,28,D0,4,1.0793
linemod,28,D0,5,1.5913
linemod,28,D0,6,1.6750
linemod,28,D0,7,1.1361
linemod,28,D0,8,0.5996
linemod,28,D1,0,1.6195
linemod,28,D1,1,1.0488
linemod,28,D1,2,0.4985
linemod,28,D1,3,1.5372
linemod,28,D1,4,0.8281
linemod,28,D1,5,2.3073
linemod,28,D1,6,1.8633
linemod,28,D1,7,0.9563
linemod,28,D1,8,0.7893
linemod,29,D0,0,1.9138
linemod,29,D0,1,1.8740
linemod,29,D0,2,3.0284
linemod,29,D0,3,0.8749
linemod,29,D0,4,1.2423
linemod,29,D0,5,3.3113
linemod,29,D0,6,4.0214
linemod,29,D0,7,1.2028
linemod,29,D0,8,1.9163
linemod,29,D1,0,1.7858
linemod,29,D1,1,1.9225
linemod,29,D1,2,2.6290
linemod,29,D1,3,1.3589
linemod,29,D1,4,0.6498
linemod,29,D1,5,3.8304
linemod,29,D1,6,4.0568
linemod,29,D1,7,0.9419
linemod,29,D1,8,1.7195
linemod,30,D0,0,0.7988
linemod,30,D0,1,2.4358
linemod,30,D0,2,1.9570
linemod,30,D0,3,1.7552
linemod,30,D0,4,0.8177
linemod,30,D0,5,2.6561
linemod,30,D0,6,2.7464
linemod,30,D0,7,1.2851
linemod,30,D0,8,1.5046
linemod,30,D1,0,1.4713
linemod,30,D1,1,2.5363
linemod,30,D1,2,1.6983
linemod,30,D1,3,2.4727
linemod,30,D1,4,1.6236
linemod,30,D1,5,3.1922
linemod,30,D1,6,2.8490
linemod,30,D1,7,1.0471
linemod,30,D1,8,1.5864
linemod,31,D0,0,0.3947
linemod,31,D0,1,2.4962
linemod,31,D0,2,1.1332
linemod,31,D0,3,1.7684
linemod,31,D0,4,2.7043
linemod,31,D0,5,0.7796
linemod,31,D0,6,1.7442
linemod,31,D0,7,1.9890
linemod,31,D0,8,1.4092
linemod,31,D1,0,1.0012
linemod,31,D1,1,2.6497
linemod,31,D1,2,1.0593
linemod,31,D1,3,2.2726
linemod,31,D1,4,2.3419
linemod,31,D1,5,1.0405
linemod,31,D1,6,1.6484
linemod,31,D1,7,1.7520
linemod,31,D1,8,1.3529
linemod,32,D0,0,2.1048
linemod,32,D0,1,1.6479
linemod,32,D0,2,1.7794
linemod,32,D0,3,1.5541
linemod,32,D0,4,1.8651
linemod,32,D0,5,2.0476
linemod,32,D0,6,2.4326
linemod,32,D0,7,1.6896
linemod,32,D0,8,2.0216
linemod,32,D1,0,1.3915
linemod,32,D1,1,1.8280
linemod,32,D1,2,1.2957
linemod,32,D1,3,1.2496
linemod,32,D1,4,1.2331
linemod,32,D1,5,1.8268
linemod,32,D1,6,2.4628
linemod,32,D1,7,1.4118
linemod,32,D1,8,1.7690
linemod,33,D0,0,3.0526
linemod,33,D0,1,2.0972
linemod,33,D0,2,1.5966
linemod,33,D0,3,2.1680
linemod,33,D0,4,1.7588
linemod,33,D0,5,2.6302
linemod,33,D0,6,2.1511
linemod,33,D0,7,1.9168
linemod,33,D0,8,2.3655
linemod,33,D1,0,2.2699
linemod,33,D1,1,2.0903
linemod,33,D1,2,1.1164
linemod,33,D1,3,1.5210
linemod,33,D1,4,0.5975
linemod,33,D1,5,2.1986
linemod,33,D1,6,1.9780
linemod,33,D1,7,1.5627
linemod,33,D1,8,1.9170
linemod,34,D0,0,2.6571
linemod,34,D0,1,1.1225
linemod,34,D0,2,1.4404
linemod,34,D0,3,1.9039
linemod,34,D0,4,1.4463
linemod,34,D0,5,1.8333
linemod,34,D0,6,1.1790
linemod,34,D0,7,2.1167
linemod,34,D0,8,1.9247
linemod,34,D1,0,1.8702
linemod,34,D1,1,1.1900
linemod,34,D1,2,0.8610
linemod,34,D1,3,1.2772
linemod,34,D1,4,0.2676
linemod,34,D1,5,1.3952
linemod,34,D1,6,1.1250
linemod,34,D1,7,1.7820
linemod,34,D1,8,1.5415
linemod,35,D0,0,2.3005
linemod,35,D0,1,0.7227
linemod,35,D0,2,1.8993
linemod,35,D0,3,0.7963
linemod,35,D0,4,1.5912
linemod,35,D0,5,1.5541
linemod,35,D0,6,0.7667
linemod,35,D0,7,1.2360
linemod,35,D0,8,1.3144
linemod,35,D1,0,2.7006
linemod,35,D1,1,0.8389
linemod,35,D1,2,2.0339
linemod,35,D1,3,1.3253
linemod,35,D1,4,0.8744
linemod,35,D1,5,2.2157
linemod,35,D1,6,1.1998
linemod,35,D1,7,1.0986
linemod,35,D1,8,1.4481
linemod,36,D0,0,1.2054
linemod,36,D0,1,1.1601
linemod,36,D0,2,0.7716
linemod,36,D0,3,1.1807
linemod,36,D0,4,0.1373
linemod,36,D0,5,0.9571
linemod,36,D0,6,0.8631
linemod,36,D0,7,0.7907
linemod,36,D0,8,0.0496
linemod,36,D1,0,1.2511
linemod,36,D1,1,0.9663
linemod,36,D1,2,1.3607
linemod,36,D1,3,1.1701
linemod,36,D1,4,0.9430
linemod,36,D1,5,1.0395
linemod,36,D1,6,0.6091
linemod,36,D1,7,1.3216
linemod,36,D1,8,0.4672
linemod,37,D0,0,2.2174
linemod,37,D0,1,0.8554
linemod,37,D0,2,0.6679
linemod,37,D0,3,0.0952
linemod,37,D0,4,0.2285
linemod,37,D0,5,0.8010
linemod,37,D0,6,0.8614
linemod,37,D0,7,0.5558
linemod,37,D0,8,0.2522
linemod,37,D1,0,1.1421
linemod,37,D1,1,0.6325
linemod,37,D1,2,0.4080
linemod,37,D1,3,0.5853
linemod,37,D1,4,0.7498
linemod,37,D1,5,0.5905
linemod,37,D1,6,0.6173
linemod,37,D1,7,0.5750
linemod,37,D1,8,0.2599
linemod,38,D0,0,1.5515
linemod,38,D0,1,1.3219
linemod,38,D0,2,1.3593
linemod,38,D0,3,0.1930
linemod,38,D0,4,1.0283
linemod,38,D0,5,1.7632
linemod,38,D0,6,2.4057
linemod,38,D0,7,0.3870
linemod,38,D0,8,0.6850
linemod,38,D1,0,1.3333
linemod,38,D1,1,1.3171
linemod,38,D1,2,2.7920
linemod,38,D1,3,0.4225
linemod,38,D1,4,0.9443
linemod,38,D1,5,1.4807
linemod,38,D1,6,2.3734
linemod,38,D1,7,0.5401
linemod,38,D1,8,1.0997
linemod,39,D0,0,0.8410
linemod,39,D0,1,0.7774
linemod,39,D0,2,0.2822
linemod,39,D0,3,0.5711
linemod,39,D0,4,0.2433
linemod,39,D0,5,0.4715
linemod,39,D0,6,0.3685
linemod,39,D0,7,0.5545
linemod,39,D0,8,0.1964
linemod,39,D1,0,0.3313
linemod,39,D1,1,0.5754
linemod,39,D1,2,1.2633
linemod,39,D1,3,1.0464
linemod,39,D1,4,0.4542
linemod,39,D1,5,0.3711
linemod,39,D1,6,0.5083
linemod,39,D1,7,1.0897
linemod,39,D1,8,0.6143
occ,20,D0,0,9.4814
occ,20,D0,1,27.9311
occ,20,D0,2,12.8198
occ,20,D0,3,3.9849
occ,20,D0,4,15.1860
occ,20,D0,5,12.5723
occ,20,D0,6,13.3219
occ,20,D0,7,21.2074
occ,20,D0,8,10.2462
occ,20,D1,0,24.5398
occ,20,D1,1,26.9732
occ,20,D1,2,7.5901
occ,20,D1,3,5.1290
occ,20,D1,4,16.2163
occ,20,D1,5,9.1976
occ,20,D1,6,18.6802
occ,20,D1,7,23.3946
occ,20,D1,8,12.2019
occ,21,D0,0,456.8869
occ,21,D0,1,340.6267
occ,21,D0,2,383.0316
occ,21,D0,3,448.5043
occ,21,D0,4,391.2730
occ,21,D0,5,422.7208
occ,21,D0,6,381.6788
occ,21,D0,7,365.3522
occ,21,D0,8,402.3811
occ,21,D1,0,448.6241
occ,21,D1,1,342.0052
occ,21,D1,2,381.7718
occ,21,D1,3,450.1213
occ,21,D1,4,391.1811
occ,21,D1,5,422.1156
occ,21,D1,6,380.5845
occ,21,D1,7,364.5637
occ,21,D1,8,401.6478
occ,22,D0,0,9.5715
occ,22,D0,1,2.1799
occ,22,D0,2,19.0633
occ,22,D0,3,6.7986
occ,22,D0,4,2.2990
occ,22,D0,5,18.4651
occ,22,D0,6,5.4821
occ,22,D0,7,4.9463
occ,22,D0,8,5.9049
occ,22,D1,0,19.7681
occ,22,D1,1,2.2407
occ,22,D1,2,29.7051
occ,22,D1,3,7.6554
occ,22,D1,4,2.6738
occ,22,D1,5,21.1065
occ,22,D1,6,6.0076
occ,22,D1,7,7.9335
occ,22,D1,8,7.6994
occ,23,D0,0,508.9932
occ,23,D0,1,449.8846
occ,23,D0,2,475.1242
occ,23,D0,3,499.5545
occ,23,D0,4,464.5100
occ,23,D0,5,501.8418
occ,23,D0,6,479.0547
occ,23,D0,7,459.3661
occ,23,D0,8,478.4301
occ,23,D1,0,508.9932
occ,23,D1,1,449.8846
occ,23,D1,2,475.1242
occ,23,D1,3,499.5545
occ,23,D1,4,464.5100
occ,23,D1,5,501.8418
occ,23,D1,6,479.0547
occ,23,D1,7,459.3661
occ,23,D1,8,478.4301
occ,24,D0,0,10.3777
occ,24,D0,1,8.6686
occ,24,D0,2,2.5278
occ,24,D0,3,5.8072
occ,24,D0,4,0.9022
occ,24,D0,5,9.4497
occ,24,D0,6,7.7125
occ,24,D0,7,1.5505
occ,24,D0,8,4.7062
occ,24,D1,0,11.6600
occ,24,D1,1,8.6060
occ,24,D1,2,8.4525
occ,24,D1,3,3.8952
occ,24,D1,4,3.5773
occ,24,D1,5,9.8304
occ,24,D1,6,9.4456
occ,24,D1,7,1.0937
occ,24,D1,8,6.4375
occ,25,D0,0,4.6668
occ,25,D0,1,3.4823
occ,25,D0,2,6.9292
occ,25,D0,3,2.8607
occ,25,D0,4,4.9889
occ,25,D0,5,5.7802
occ,25,D0,6,6.5808
occ,25,D0,7,2.6609
occ,25,D0,8,1.3435
occ,25,D1,0,9.5189
occ,25,D1,1,3.7811
occ,25,D1,2,5.4892
occ,25,D1,3,2.7276
occ,25,D1,4,2.6682
occ,25,D1,5,6.6322
occ,25,D1,6,4.6609
occ,25,D1,7,1.6050
occ,25,D1,8,2.0797
occ,26,D0,0,1.6187
occ,26,D0,1,2.7493
occ,26,D0,2,4.0511
occ,26,D0,3,2.4212
occ,26,D0,4,4.2095
occ,26,D0,5,2.4243
occ,26,D0,6,2.9784
occ,26,D0,7,1.9446
occ,26,D0,8,0.1807
occ,26,D1,0,7.4257
occ,26,D1,1,2.6776
occ,26,D1,2,2.4473
occ,26,D1,3,2.1596
occ,26,D1,4,1.8362
occ,26,D1,5,3.4822
occ,26,D1,6,1.7607
occ,26,D1,7,1.1890
occ,26,D1,8,1.3129
occ,27,D0,0,0.5602
occ,27,D0,1,3.7059
occ,27,D0,2,2.5450
occ,27,D0,3,2.9221
occ,27,D0,4,4.2848
occ,27,D0,5,0.4868
occ,27,D0,6,0.7653
occ,27,D0,7,1.9856
occ,27,D0,8,1.8811
occ,27,D1,0,5.5375
occ,27,D1,1,3.8419
occ,27,D1,2,1.9012
occ,27,D1,3,0.9060
occ,27,D1,4,2.1224
occ,27,D1,5,1.6982
occ,27,D1,6,1.4154
occ,27,D1,7,2.1818
occ,27,D1,8,1.2414
occ,28,D0,0,0.8708
occ,28,D0,1,2.8873
occ,28,D0,2,3.0840
occ,28,D0,3,3.6052
occ,28,D0,4,4.5390
occ,28,D0,5,0.5292
occ,28,D0,6,0.6274
occ,28,D0,7,1.8037
occ,28,D0,8,1.8143
occ,28,D1,0,4.8138
occ,28,D1,1,3.5797
occ,28,D1,2,2.1270
occ,28,D1,3,0.6329
occ,28,D1,4,2.6336
occ,28,D1,5,0.8751
occ,28,D1,6,1.7297
occ,28,D1,7,2.0800
occ,28,D1,8,1.2432
occ,29,D0,0,1.2923
occ,29,D0,1,2.7051
occ,29,D0,2,4.7114
occ,29,D0,3,4.0824
occ,29,D0,4,4.5458
occ,29,D0,5,0.7382
occ,29,D0,6,1.2096
occ,29,D0,7,1.8302
occ,29,D0,8,2.0611
occ,29,D1,0,3.5779
occ,29,D1,1,3.3189
occ,29,D1,2,0.9556
occ,29,D1,3,0.3429
occ,29,D1,4,2.2569
occ,29,D1,5,0.6169
occ,29,D1,6,1.0884
occ,29,D1,7,1.6000
occ,29,D1,8,1.0793
occ,30,D0,0,1.5623
occ,30,D0,1,2.9274
occ,30,D0,2,4.5542
occ,30,D0,3,4.3945
occ,30,D0,4,4.6470
occ,30,D0,5,0.1099
occ,30,D0,6,1.6791
occ,30,D0,7,2.2043
occ,30,D0,8,1.9211
occ,30,D1,0,3.9726
occ,30,D1,1,3.0673
occ,30,D1,2,1.4052
occ,30,D1,3,0.7018
occ,30,D1,4,2.4298
occ,30,D1,5,1.1049
occ,30,D1,6,0.6039
occ,30,D1,7,1.0295
occ,30,D1,8,0.6268
occ,31,D0,0,0.4103
occ,31,D0,1,2.1640
occ,31,D0,2,1.4653
occ,31,D0,3,2.3308
occ,31,D0,4,2.9198
occ,31,D0,5,0.5781
occ,31,D0,6,1.0519
occ,31,D0,7,1.7256
occ,31,D0,8,1.4420
occ,31,D1,0,5.8501
occ,31,D1,1,2.7199
occ,31,D1,2,3.2423
occ,31,D1,3,2.9403
occ,31,D1,4,1.9674
occ,31,D1,5,0.8908
occ,31,D1,6,1.9480
occ,31,D1,7,3.0351
occ,31,D1,8,1.9548
occ,32,D0,0,0.7371
occ,32,D0,1,1.5432
occ,32,D0,2,2.9277
occ,32,D0,3,2.5238
occ,32,D0,4,2.5694
occ,32,D0,5,0.5807
occ,32,D0,6,1.1005
occ,32,D0,7,1.1840
occ,32,D0,8,1.2437
occ,32,D1,0,4.7590
occ,32,D1,1,1.8958
occ,32,D1,2,1.4652
occ,32,D1,3,1.5990
occ,32,D1,4,1.0821
occ,32,D1,5,1.2204
occ,32,D1,6,1.1935
occ,32,D1,7,2.0697
occ,32,D1,8,1.0319
occ,33,D0,0,3.3015
occ,33,D0,1,2.9249
occ,33,D0,2,4.5969
occ,33,D0,3,4.0125
occ,33,D0,4,2.6968
occ,33,D0,5,0.9861
occ,33,D0,6,2.2355
occ,33,D0,7,3.2768
occ,33,D0,8,1.8540
occ,33,D1,0,2.5114
occ,33,D1,1,2.1719
occ,33,D1,2,1.5204
occ,33,D1,3,0.2777
occ,33,D1,4,0.9818
occ,33,D1,5,0.4564
occ,33,D1,6,0.3802
occ,33,D1,7,0.7517
occ,33,D1,8,0.4833
occ,34,D0,0,4.0324
occ,34,D0,1,5.2969
occ,34,D0,2,3.7472
occ,34,D0,3,4.2410
occ,34,D0,4,3.3773
occ,34,D0,5,2.2814
occ,34,D0,6,1.6258
occ,34,D0,7,4.1668
occ,34,D0,8,1.7970
occ,34,D1,0,2.0516
occ,34,D1,1,4.1970
occ,34,D1,2,1.2077
occ,34,D1,3,1.6859
occ,34,D1,4,2.8417
occ,34,D1,5,0.7191
occ,34,D1,6,1.9395
occ,34,D1,7,2.9797
occ,34,D1,8,1.0372
occ,35,D0,0,4.4139
occ,35,D0,1,3.6675
occ,35,D0,2,6.3176
occ,35,D0,3,4.5691
occ,35,D0,4,1.5814
occ,35,D0,5,1.9130
occ,35,D0,6,2.3212
occ,35,D0,7,2.8674
occ,35,D0,8,0.9914
occ,35,D1,0,1.7953
occ,35,D1,1,2.5507
occ,35,D1,2,2.1593
occ,35,D1,3,0.5060
occ,35,D1,4,0.2444
occ,35,D1,5,0.3143
occ,35,D1,6,1.2970
occ,35,D1,7,1.9139
occ,35,D1,8,0.7312
occ,36,D0,0,4.7758
occ,36,D0,1,4.7797
occ,36,D0,2,5.1897
occ,36,D0,3,3.8448
occ,36,D0,4,0.9663
occ,36,D0,5,2.0784
occ,36,D0,6,1.9507
occ,36,D0,7,3.4134
occ,36,D0,8,0.9251
occ,36,D1,0,2.1926
occ,36,D1,1,3.6521
occ,36,D1,2,1.8137
occ,36,D1,3,0.9987
occ,36,D1,4,1.6416
occ,36,D1,5,0.5715
occ,36,D1,6,1.6296
occ,36,D1,7,2.6888
occ,36,D1,8,1.1320
occ,37,D0,0,4.2481
occ,37,D0,1,1.1847
occ,37,D0,2,6.2417
occ,37,D0,3,3.8301
occ,37,D0,4,3.3402
occ,37,D0,5,1.9832
occ,37,D0,6,1.3292
occ,37,D0,7,2.8416
occ,37,D0,8,1.9699
occ,37,D1,0,1.5815
occ,37,D1,1,1.8620
occ,37,D1,2,2.7053
occ,37,D1,3,1.0866
occ,37,D1,4,1.9485
occ,37,D1,5,1.0550
occ,37,D1,6,0.8021
occ,37,D1,7,1.1545
occ,37,D1,8,0.9247
occ,38,D0,0,3.8992
occ,38,D0,1,3.2168
occ,38,D0,2,5.7615
occ,38,D0,3,5.1211
occ,38,D0,4,4.7640
occ,38,D0,5,1.4768
occ,38,D0,6,0.9411
occ,38,D0,7,3.3593
occ,38,D0,8,2.9121
occ,38,D1,0,2.4399
occ,38,D1,1,3.9127
occ,38,D1,2,1.8207
occ,38,D1,3,1.9312
occ,38,D1,4,2.7555
occ,38,D1,5,0.3593
occ,38,D1,6,1.1217
occ,38,D1,7,1.2268
occ,38,D1,8,1.4380
occ,39,D0,0,2.6894
occ,39,D0,1,1.7738
occ,39,D0,2,5.6248
occ,39,D0,3,3.8471
occ,39,D0,4,3.2931
occ,39,D0,5,1.4042
occ,39,D0,6,0.5829
occ,39,D0,7,2.4061
occ,39,D0,8,1.8903
occ,39,D1,0,2.5047
occ,39,D1,1,2.4663
occ,39,D1,2,1.4503
occ,39,D1,3,1.7357
occ,39,D1,4,1.3842
occ,39,D1,5,0.1278
occ,39,D1,6,1.5871
occ,39,D1,7,0.8488
occ,39,D1,8,1.0498
